customer_id,first_name,last_name,email,phone,city,state,zip_code,segment,created_at
1,Joseph,Johnson,joseph.johnson1@hotmail.com,+1-342-854-2679,Miami,PA,87397,Regular,2023-10-18 10:23:08
2,Patricia,Garcia,patricia.garcia2@gmail.com,+1-774-303-9928,Tucson,MA,68878,VIP,2024-07-04 09:25:01
3,James,Carter,james.carter3@protonmail.com,+1-548-384-3547,Columbus,MN,23396,New,2022-05-25 01:48:56
4,Richard,Thompson,richard.thompson4@aol.com,+1-244-847-8527,Miami,GA,59615,VIP,2022-05-03 09:53:03
5,Helen,White,helen.white5@yahoo.com,+1-246-777-4733,Denver,PA,40512,New,2022-06-06 21:36:22
6,Emily,Robinson,emily.robinson6@icloud.com,+1-563-314-5374,Phoenix,ID,93227,Premium,2022-09-23 20:30:40
7,Charles,Robinson,charles.robinson7@hotmail.com,+1-901-432-1916,Charlotte,NY,51347,VIP,2023-09-16 04:30:26
8,David,Wilson,david.wilson8@mail.com,+1-605-758-8517,San Jose,IN,28301,VIP,2023-01-19 02:56:23
9,Justin,Ramirez,justin.ramirez9@hotmail.com,+1-341-621-9085,Philadelphia,FL,24371,Premium,2022-08-26 10:20:14
10,Edward,Hill,edward.hill10@protonmail.com,+1-810-579-9669,San Francisco,NM,11504,Regular,2024-11-22 18:48:13
11,Jonathan,Carter,jonathan.carter11@icloud.com,+1-314-400-8123,Austin,UT,10425,Premium,2023-02-14 03:51:19
12,Nicholas,Miller,nicholas.miller12@hotmail.com,+1-356-482-3646,Miami,MS,10074,VIP,2024-07-19 10:16:21
13,Gary,Johnson,gary.johnson13@aol.com,+1-445-159-4946,Tulsa,PA,21226,Regular,2024-01-25 23:02:15
14,Jonathan,Roberts,jonathan.roberts14@mail.com,+1-762-269-5342,Raleigh,ID,65461,Premium,2022-11-26 00:24:33
15,Michelle,Sanchez,michelle.sanchez15@mail.com,+1-323-353-4681,Phoenix,MN,12757,Premium,2024-07-02 21:44:19
16,Emma,Anderson,emma.anderson16@gmail.com,+1-434-169-1514,Memphis,IL,77391,VIP,2023-01-05 17:27:21
17,Gary,Wilson,gary.wilson17@mail.com,+1-448-903-8749,Tucson,WA,22363,New,2022-05-31 13:50:33
18,Dorothy,Ramirez,dorothy.ramirez18@gmail.com,+1-889-769-2612,Houston,KY,54473,Premium,2022-06-19 17:50:41
19,Matthew,Gonzalez,matthew.gonzalez19@protonmail.com,+1-387-385-8579,Indianapolis,IL,68082,Regular,2024-05-04 21:36:53
20,Michael,Adams,michael.adams20@hotmail.com,+1-370-516-8956,Kansas City,AZ,62565,Premium,2022-04-02 02:05:10
21,Timothy,Smith,timothy.smith21@mail.com,+1-492-533-8973,San Jose,WA,48890,Regular,2022-12-05 04:28:39
22,Justin,Mitchell,justin.mitchell22@icloud.com,+1-258-151-8811,Omaha,MS,30635,Regular,2022-03-30 08:37:27
23,Nancy,Jones,nancy.jones23@hotmail.com,+1-613-222-5033,Tampa,ID,15209,Regular,2024-08-20 04:12:59
24,Rebecca,Nelson,rebecca.nelson24@hotmail.com,+1-885-833-6147,Indianapolis,IN,61876,VIP,2022-07-23 07:29:45
25,Ryan,Lee,ryan.lee25@mail.com,+1-836-676-2638,Phoenix,KS,37938,VIP,2024-02-25 20:44:54
26,Thomas,Thompson,thomas.thompson26@icloud.com,+1-491-261-8179,Miami,WI,90173,Regular,2024-10-12 22:00:15
27,Stephen,Martin,stephen.martin27@aol.com,+1-318-209-3546,Seattle,MD,89276,VIP,2022-11-24 04:50:33
28,Anthony,Baker,anthony.baker28@mail.com,+1-457-966-1832,Philadelphia,OK,46265,Regular,2022-03-10 11:40:25
29,Kevin,Roberts,kevin.roberts29@aol.com,+1-365-859-8239,Cleveland,OK,83519,Regular,2022-01-16 00:30:45
30,Barbara,Hall,barbara.hall30@gmail.com,+1-578-696-3426,Fresno,NC,15482,VIP,2023-04-24 20:42:15
31,Jennifer,Thompson,jennifer.thompson31@hotmail.com,+1-882-205-6794,Cleveland,OR,91351,Premium,2022-08-29 02:09:57
32,Charles,Lopez,charles.lopez32@outlook.com,+1-954-440-7745,Indianapolis,MO,30866,Regular,2024-12-25 09:32:45
33,Timothy,Williams,timothy.williams33@hotmail.com,+1-671-458-6000,Charlotte,MA,13101,Premium,2024-10-22 07:49:14
34,Stephanie,Perez,stephanie.perez34@aol.com,+1-559-756-9346,Albuquerque,KS,53404,Regular,2022-02-12 21:01:21
35,Kimberly,Lopez,kimberly.lopez35@yahoo.com,+1-810-544-6663,Portland,OK,89457,Regular,2024-03-05 11:14:01
36,Deborah,Torres,deborah.torres36@gmail.com,+1-925-546-1027,Raleigh,KS,97900,VIP,2022-11-03 02:00:07
37,Sharon,Jones,sharon.jones37@icloud.com,+1-879-968-3041,Nashville,AR,50538,New,2024-11-01 23:34:10
38,Carol,Sanchez,carol.sanchez38@outlook.com,+1-396-530-7211,Jacksonville,ME,84593,New,2023-04-13 12:13:28
39,Stephen,Smith,stephen.smith39@hotmail.com,+1-640-904-6279,Mesa,CT,67954,Premium,2024-11-15 13:12:32
40,Angela,Walker,angela.walker40@yahoo.com,+1-490-627-6491,Philadelphia,TN,98184,Premium,2023-04-28 05:16:35
41,Betty,Martinez,betty.martinez41@hotmail.com,+1-686-725-2193,Mesa,OR,92544,Premium,2024-06-13 06:34:00
42,Deborah,Young,deborah.young42@outlook.com,+1-871-804-1090,San Antonio,OK,38683,New,2022-10-01 05:31:50
43,Michael,Scott,michael.scott43@mail.com,+1-336-920-8612,Raleigh,NM,88047,New,2023-05-08 21:43:30
44,Brandon,Campbell,brandon.campbell44@mail.com,+1-362-861-8777,Sacramento,IN,42406,VIP,2024-09-17 13:44:29
45,Eric,Young,eric.young45@mail.com,+1-279-830-5681,Indianapolis,MO,54020,Regular,2023-05-12 15:38:11
46,Sarah,Martinez,sarah.martinez46@outlook.com,+1-923-319-2052,Tucson,OR,53369,New,2024-04-22 22:00:34
47,Rebecca,Brown,rebecca.brown47@protonmail.com,+1-988-698-1320,Tulsa,LA,72518,VIP,2022-01-10 03:49:18
48,Joshua,Carter,joshua.carter48@hotmail.com,+1-699-324-5471,Fresno,NV,13804,VIP,2023-08-28 01:38:50
49,Stephanie,Campbell,stephanie.campbell49@outlook.com,+1-837-646-1441,Albuquerque,HI,83975,Regular,2024-10-26 22:25:21
50,William,Adams,william.adams50@mail.com,+1-386-151-5262,Milwaukee,CO,37742,VIP,2023-12-08 08:25:10
51,Amanda,Carter,amanda.carter51@protonmail.com,+1-458-954-2341,Kansas City,TX,80702,VIP,2022-03-22 21:53:31
52,Mark,Adams,mark.adams52@gmail.com,+1-972-131-5051,Fort Worth,TX,91439,Premium,2022-08-25 17:13:32
53,Thomas,Walker,thomas.walker53@hotmail.com,+1-676-816-5198,Baltimore,NJ,89415,Regular,2024-08-01 07:49:38
54,Charles,Martin,charles.martin54@gmail.com,+1-519-689-7149,Albuquerque,WA,19961,Premium,2024-07-08 19:00:29
55,Susan,Hall,susan.hall55@yahoo.com,+1-779-901-1672,Louisville,KS,66148,VIP,2024-10-24 15:18:11
56,David,Allen,david.allen56@protonmail.com,+1-701-208-8102,Baltimore,UT,30052,Premium,2023-11-08 12:08:15
57,Eric,Adams,eric.adams57@mail.com,+1-676-546-5397,Portland,TN,21359,New,2023-03-10 07:11:55
58,Ashley,Carter,ashley.carter58@protonmail.com,+1-544-129-9098,Portland,VA,73904,VIP,2022-11-26 12:24:04
59,Kimberly,Perez,kimberly.perez59@aol.com,+1-769-110-9464,Fort Worth,PA,41635,New,2023-09-24 08:44:19
60,Brenda,Carter,brenda.carter60@mail.com,+1-861-828-9041,Sacramento,TX,22196,Premium,2023-04-03 01:53:51
61,Stephanie,Hall,stephanie.hall61@icloud.com,+1-684-666-9698,Louisville,OK,82140,VIP,2023-05-29 20:47:36
62,Ryan,Moore,ryan.moore62@hotmail.com,+1-323-838-4155,Portland,GA,80236,Premium,2024-12-08 03:09:44
63,Matthew,Wilson,matthew.wilson63@aol.com,+1-302-952-4180,Denver,MA,57301,VIP,2022-10-06 18:03:56
64,Mary,Rivera,mary.rivera64@gmail.com,+1-255-666-5786,Dallas,NV,23446,VIP,2022-01-20 01:17:14
65,Jacob,Walker,jacob.walker65@outlook.com,+1-252-358-8827,San Diego,IL,62521,Regular,2024-02-03 21:38:26
66,Pamela,Green,pamela.green66@outlook.com,+1-776-411-2395,Indianapolis,GA,83147,Premium,2023-10-09 12:05:31
67,Eric,Harris,eric.harris67@aol.com,+1-802-539-6003,Tulsa,ME,17894,Regular,2024-08-05 00:41:15
68,Anthony,Green,anthony.green68@yahoo.com,+1-360-345-3847,Cleveland,IL,30517,New,2022-01-05 03:45:29
69,Laura,Hall,laura.hall69@gmail.com,+1-437-395-5632,Mesa,IL,40595,Premium,2023-02-15 23:18:40
70,Edward,Davis,edward.davis70@outlook.com,+1-472-946-3330,Phoenix,FL,31747,VIP,2023-04-23 20:35:58
71,Jeffrey,Davis,jeffrey.davis71@aol.com,+1-916-512-5460,Omaha,KS,74722,Regular,2023-11-12 00:50:00
72,Scott,Williams,scott.williams72@icloud.com,+1-818-356-1423,Philadelphia,MA,98381,Regular,2024-06-12 12:58:37
73,Andrew,Torres,andrew.torres73@mail.com,+1-731-767-8245,Seattle,VA,86720,New,2023-11-09 02:58:12
74,Elizabeth,Walker,elizabeth.walker74@icloud.com,+1-528-786-2713,Austin,MN,63955,New,2024-12-13 14:01:44
75,Paul,Nelson,paul.nelson75@gmail.com,+1-665-190-6153,San Francisco,CO,25194,Regular,2023-09-20 20:44:17
76,Anna,Robinson,anna.robinson76@hotmail.com,+1-730-470-9167,Sacramento,FL,36680,Premium,2023-02-19 20:34:41
77,Paul,Lewis,paul.lewis77@gmail.com,+1-845-723-4920,Austin,WI,82199,New,2022-01-22 05:49:15
78,Elizabeth,Anderson,elizabeth.anderson78@yahoo.com,+1-863-952-3522,Atlanta,MD,76698,New,2023-03-01 18:01:08
79,Kathleen,Walker,kathleen.walker79@outlook.com,+1-592-295-9327,Dallas,IL,46208,VIP,2023-10-07 14:10:29
80,Nicholas,Moore,nicholas.moore80@aol.com,+1-801-693-9022,San Jose,CT,80592,VIP,2024-01-23 09:33:20
81,Kevin,Scott,kevin.scott81@icloud.com,+1-393-814-4912,Tulsa,LA,40613,Regular,2023-10-01 02:48:20
82,Kenneth,Mitchell,kenneth.mitchell82@protonmail.com,+1-595-779-3492,Atlanta,NY,26547,VIP,2024-02-20 06:46:16
83,Richard,Lewis,richard.lewis83@mail.com,+1-215-839-3361,Tucson,MI,19807,VIP,2023-12-31 07:52:41
84,Amanda,Flores,amanda.flores84@yahoo.com,+1-536-972-9742,Milwaukee,CO,92155,Regular,2024-01-29 00:00:02
85,Helen,Jones,helen.jones85@aol.com,+1-432-864-2480,Fresno,OH,93066,Regular,2024-12-29 10:57:07
86,Jeffrey,Hernandez,jeffrey.hernandez86@gmail.com,+1-532-915-1919,Denver,SC,59131,Premium,2023-11-01 01:10:02
87,Ashley,King,ashley.king87@outlook.com,+1-374-279-2293,Bakersfield,LA,91226,Premium,2024-11-27 05:06:11
88,Amy,Nguyen,amy.nguyen88@mail.com,+1-853-360-8529,San Francisco,CA,70981,Premium,2023-03-23 19:41:08
89,Barbara,Lewis,barbara.lewis89@aol.com,+1-854-534-5097,Mesa,WI,36111,New,2023-08-21 14:24:13
90,Susan,Thomas,susan.thomas90@icloud.com,+1-788-402-5837,Los Angeles,KY,45976,Regular,2022-01-13 13:54:50
91,Nicole,Mitchell,nicole.mitchell91@hotmail.com,+1-821-921-6772,Charlotte,WA,91381,Premium,2023-01-25 08:02:39
92,Richard,Green,richard.green92@mail.com,+1-234-693-6977,Dallas,PA,48680,New,2023-05-23 12:58:18
93,Daniel,Gonzalez,daniel.gonzalez93@icloud.com,+1-743-613-5465,Austin,IN,73156,VIP,2023-04-04 11:40:14
94,Joseph,Robinson,joseph.robinson94@hotmail.com,+1-892-841-7511,Cleveland,AL,21836,Regular,2023-09-05 22:48:21
95,Kimberly,Wright,kimberly.wright95@icloud.com,+1-888-866-5295,Tampa,LA,93695,Regular,2023-08-01 01:32:28
96,Sandra,Walker,sandra.walker96@icloud.com,+1-824-326-2035,Mesa,WI,95097,Regular,2023-09-27 06:22:22
97,Sarah,Williams,sarah.williams97@mail.com,+1-318-199-4846,Miami,NC,60940,VIP,2023-12-06 17:03:54
98,Anna,Clark,anna.clark98@yahoo.com,+1-701-730-7686,Seattle,NY,58566,New,2022-12-04 12:24:03
99,Jeffrey,Thomas,jeffrey.thomas99@icloud.com,+1-757-760-6876,Houston,KY,46160,Regular,2022-10-22 20:34:33
100,Ryan,Garcia,ryan.garcia100@gmail.com,+1-251-905-6464,Indianapolis,NC,84000,Regular,2022-11-15 18:37:06
101,Stephen,Wilson,stephen.wilson101@icloud.com,+1-992-251-1046,Seattle,MI,27038,VIP,2024-04-19 04:41:31
102,Daniel,Davis,daniel.davis102@gmail.com,+1-566-908-4898,Tampa,CO,12068,VIP,2022-09-28 16:22:09
103,Michael,Rodriguez,michael.rodriguez103@yahoo.com,+1-963-165-8802,Sacramento,AL,77271,Regular,2024-07-11 05:28:24
104,Laura,Allen,laura.allen104@gmail.com,+1-944-902-9543,Nashville,UT,94323,Regular,2022-02-18 09:22:48
105,Kathleen,Sanchez,kathleen.sanchez105@yahoo.com,+1-702-829-8267,Phoenix,PA,52219,Premium,2024-08-02 22:58:18
106,David,Rodriguez,david.rodriguez106@icloud.com,+1-590-711-9692,Denver,UT,76263,New,2024-07-29 11:56:48
107,Richard,Hall,richard.hall107@hotmail.com,+1-640-562-4743,Tucson,MN,69441,New,2023-09-12 09:44:19
108,Richard,Lee,richard.lee108@aol.com,+1-583-256-8770,Phoenix,PA,21188,New,2022-05-25 19:52:12
109,Richard,Mitchell,richard.mitchell109@gmail.com,+1-800-675-6400,San Diego,OR,56346,New,2024-10-30 13:41:32
110,Michael,Jackson,michael.jackson110@yahoo.com,+1-791-619-4485,San Jose,IA,39392,VIP,2022-06-18 02:40:25
111,Brenda,White,brenda.white111@hotmail.com,+1-639-965-1430,Aurora,MO,13794,VIP,2022-10-08 06:23:55
112,Michelle,Perez,michelle.perez112@outlook.com,+1-346-679-7566,Phoenix,MI,92991,Regular,2022-02-17 14:58:46
113,Shirley,Wilson,shirley.wilson113@mail.com,+1-549-261-7062,Nashville,CO,84395,Regular,2024-07-15 04:50:00
114,Michael,Martinez,michael.martinez114@gmail.com,+1-890-183-5458,Sacramento,OK,73656,New,2024-08-01 01:26:02
115,Rebecca,Moore,rebecca.moore115@yahoo.com,+1-553-540-2816,Denver,HI,73783,VIP,2024-03-29 13:31:38
116,Jennifer,Anderson,jennifer.anderson116@gmail.com,+1-207-309-5938,Columbus,NC,43491,VIP,2023-03-26 15:22:16
117,Jessica,Smith,jessica.smith117@protonmail.com,+1-379-232-7229,Miami,MA,75570,VIP,2024-05-17 22:43:27
118,Barbara,Sanchez,barbara.sanchez118@gmail.com,+1-670-179-6129,Tulsa,OK,85156,New,2023-09-21 05:58:40
119,Donna,Davis,donna.davis119@icloud.com,+1-375-920-8538,Baltimore,PA,67240,Premium,2022-06-14 10:51:49
120,Sharon,Nguyen,sharon.nguyen120@yahoo.com,+1-605-991-6083,Memphis,MA,53655,Regular,2022-09-19 04:26:30
121,Angela,Green,angela.green121@hotmail.com,+1-994-457-6752,San Jose,TN,23474,VIP,2022-08-16 11:50:10
122,Betty,Lopez,betty.lopez122@yahoo.com,+1-381-891-9095,Mesa,NE,85952,VIP,2023-11-29 08:24:03
123,Kenneth,Martinez,kenneth.martinez123@mail.com,+1-652-746-5961,Seattle,HI,17362,Regular,2023-07-01 17:21:25
124,Michelle,Robinson,michelle.robinson124@gmail.com,+1-577-951-5703,Phoenix,PA,90610,New,2024-07-11 20:54:03
125,Cynthia,Nguyen,cynthia.nguyen125@hotmail.com,+1-529-719-8792,Omaha,MI,18109,Regular,2023-12-01 20:43:08
126,Amanda,Rivera,amanda.rivera126@outlook.com,+1-240-353-8172,Sacramento,MS,78517,Premium,2024-08-05 07:11:36
127,George,White,george.white127@protonmail.com,+1-993-446-1857,Memphis,IL,53213,New,2022-05-27 19:26:13
128,Paul,Taylor,paul.taylor128@yahoo.com,+1-796-779-3317,Louisville,WI,95990,New,2024-12-21 01:13:13
129,Thomas,Hill,thomas.hill129@protonmail.com,+1-858-910-6381,Dallas,MS,22249,New,2024-09-30 13:33:03
130,Angela,White,angela.white130@aol.com,+1-384-319-6598,Atlanta,WA,39693,Premium,2022-08-02 16:48:29
131,Barbara,Jackson,barbara.jackson131@gmail.com,+1-877-444-3147,Aurora,LA,30218,Premium,2022-09-10 01:00:52
132,Helen,Hernandez,helen.hernandez132@protonmail.com,+1-573-792-4891,Sacramento,ME,47346,Premium,2023-11-29 09:14:51
133,Jonathan,Thomas,jonathan.thomas133@hotmail.com,+1-576-794-8218,Mesa,MD,60052,New,2024-02-21 05:43:13
134,Charles,Gonzalez,charles.gonzalez134@gmail.com,+1-856-592-7081,Cleveland,OH,77621,VIP,2022-07-13 16:19:27
135,William,Carter,william.carter135@mail.com,+1-725-250-8167,Philadelphia,MA,69130,Regular,2023-06-28 01:28:34
136,Rebecca,Brown,rebecca.brown136@icloud.com,+1-441-495-2337,Baltimore,MA,13694,Regular,2023-05-11 01:25:59
137,Kevin,Martinez,kevin.martinez137@aol.com,+1-683-812-3273,Kansas City,CT,90654,Regular,2022-01-09 03:46:43
138,Robert,Taylor,robert.taylor138@protonmail.com,+1-313-894-5720,Indianapolis,WI,25970,Premium,2022-03-16 04:13:42
139,Rebecca,Green,rebecca.green139@yahoo.com,+1-711-711-9782,Los Angeles,AR,85372,Premium,2023-01-11 20:06:26
140,Donna,Ramirez,donna.ramirez140@icloud.com,+1-446-684-7825,Jacksonville,PA,78614,Regular,2023-07-15 04:16:57
141,Shirley,Wright,shirley.wright141@mail.com,+1-244-750-7338,Baltimore,IN,12128,Regular,2023-07-09 17:25:28
142,Brian,Thomas,brian.thomas142@icloud.com,+1-336-145-6772,Miami,MN,94252,New,2022-09-29 23:47:44
143,Kathleen,Green,kathleen.green143@yahoo.com,+1-933-894-8498,Chicago,MD,36422,Premium,2022-03-10 01:12:58
144,Jennifer,Lee,jennifer.lee144@protonmail.com,+1-756-584-5150,Chicago,WA,47501,Regular,2023-07-09 12:57:42
145,Kevin,Moore,kevin.moore145@protonmail.com,+1-609-861-8204,Milwaukee,MN,34486,New,2024-02-10 19:47:49
146,Melissa,King,melissa.king146@protonmail.com,+1-280-540-3956,Miami,MD,52101,Regular,2022-06-09 09:07:38
147,Carol,Nelson,carol.nelson147@mail.com,+1-817-834-7981,Austin,CT,56077,Regular,2023-11-26 14:12:07
148,Dorothy,Flores,dorothy.flores148@gmail.com,+1-276-787-7655,Baltimore,AR,99051,Regular,2022-09-06 12:44:14
149,Christopher,Hill,christopher.hill149@outlook.com,+1-268-341-7001,Baltimore,LA,84349,Premium,2022-02-20 07:24:44
150,Laura,White,laura.white150@yahoo.com,+1-787-240-9674,Baltimore,KY,51207,VIP,2024-10-06 01:22:46
151,Ashley,Davis,ashley.davis151@outlook.com,+1-711-630-7340,Cleveland,GA,44311,New,2023-02-09 08:18:21
152,Margaret,Flores,margaret.flores152@mail.com,+1-404-225-3223,Phoenix,CT,32630,Regular,2023-11-23 10:56:52
153,Kenneth,Nelson,kenneth.nelson153@yahoo.com,+1-763-655-5757,Nashville,NJ,93584,VIP,2022-09-28 10:34:59
154,Angela,Anderson,angela.anderson154@outlook.com,+1-442-909-9094,Los Angeles,AL,82616,VIP,2024-06-08 00:02:53
155,Cynthia,Scott,cynthia.scott155@yahoo.com,+1-267-416-7523,Kansas City,MS,63843,Regular,2023-09-29 00:47:17
156,Thomas,Lee,thomas.lee156@mail.com,+1-896-629-6644,Dallas,NM,93859,Premium,2024-07-02 02:15:00
157,Thomas,Ramirez,thomas.ramirez157@outlook.com,+1-511-268-3653,Portland,MA,55353,VIP,2024-03-17 01:54:42
158,William,Taylor,william.taylor158@aol.com,+1-328-740-5961,Bakersfield,KS,22245,Premium,2024-02-20 17:17:05
159,Emma,Nguyen,emma.nguyen159@icloud.com,+1-777-142-1464,Philadelphia,NY,94076,VIP,2024-06-14 23:35:24
160,Anthony,Roberts,anthony.roberts160@gmail.com,+1-709-742-9938,Denver,WI,73300,New,2023-01-16 09:42:36
161,Joshua,Robinson,joshua.robinson161@gmail.com,+1-361-550-7809,Kansas City,UT,36741,Premium,2023-06-13 11:17:53
162,Kenneth,Rivera,kenneth.rivera162@icloud.com,+1-608-233-7070,Omaha,NM,23917,Premium,2023-05-11 17:30:09
163,Cynthia,Davis,cynthia.davis163@hotmail.com,+1-344-199-1829,Denver,LA,90658,Premium,2023-10-12 13:11:35
164,Charles,Lee,charles.lee164@outlook.com,+1-710-627-8648,Atlanta,WI,75191,Regular,2022-02-06 00:04:30
165,Ronald,Allen,ronald.allen165@hotmail.com,+1-797-461-1797,Houston,MD,74866,New,2024-07-17 05:06:51
166,Paul,Wright,paul.wright166@protonmail.com,+1-337-370-6992,Albuquerque,AL,15930,Regular,2023-09-15 06:45:55
167,Larry,Scott,larry.scott167@aol.com,+1-275-495-9261,Sacramento,NM,46663,Regular,2024-08-26 04:07:48
168,Thomas,Miller,thomas.miller168@icloud.com,+1-771-474-3363,Fort Worth,ID,76731,Regular,2023-09-16 12:47:42
169,Jennifer,Williams,jennifer.williams169@icloud.com,+1-685-631-8487,San Jose,ID,77568,VIP,2022-08-06 03:24:46
170,Brandon,Lee,brandon.lee170@aol.com,+1-807-444-9311,Omaha,KS,74205,VIP,2024-05-24 11:20:15
171,Jacob,Johnson,jacob.johnson171@yahoo.com,+1-626-697-6040,Los Angeles,ID,72205,Premium,2023-02-17 11:41:31
172,Michael,Nguyen,michael.nguyen172@protonmail.com,+1-351-941-4968,Chicago,NE,24404,Regular,2022-10-24 08:57:19
173,Jeffrey,Lee,jeffrey.lee173@protonmail.com,+1-907-308-7723,Omaha,ME,71814,Premium,2022-04-07 18:00:52
174,Eric,Wilson,eric.wilson174@mail.com,+1-738-485-6140,Jacksonville,UT,79878,VIP,2023-06-16 18:52:34
175,Kimberly,Flores,kimberly.flores175@hotmail.com,+1-485-671-5890,Charlotte,WI,47880,New,2022-11-18 23:52:34
176,Kenneth,Walker,kenneth.walker176@aol.com,+1-494-224-9899,Milwaukee,KY,55237,VIP,2022-08-16 13:01:32
177,Jennifer,Jackson,jennifer.jackson177@mail.com,+1-871-362-8849,Columbus,WA,80592,VIP,2023-02-26 04:33:37
178,Sarah,Miller,sarah.miller178@gmail.com,+1-885-643-4697,Charlotte,FL,23133,VIP,2023-10-05 00:59:30
179,Jacob,Miller,jacob.miller179@outlook.com,+1-616-768-8793,Kansas City,WA,47649,VIP,2023-05-14 21:59:59
180,Linda,Roberts,linda.roberts180@hotmail.com,+1-747-856-1611,Jacksonville,OR,33040,New,2022-02-26 10:50:51
181,Amy,Lopez,amy.lopez181@gmail.com,+1-505-681-2758,Memphis,MD,69552,New,2024-09-23 05:51:34
182,Sarah,Allen,sarah.allen182@hotmail.com,+1-315-438-3662,Mesa,IN,34405,VIP,2022-01-22 21:05:48
183,Donna,Torres,donna.torres183@protonmail.com,+1-637-627-6372,Philadelphia,KY,97720,Premium,2022-05-29 04:12:52
184,Sarah,Walker,sarah.walker184@gmail.com,+1-467-492-4858,Sacramento,MO,53204,Regular,2023-04-15 01:21:24
185,Kimberly,Adams,kimberly.adams185@hotmail.com,+1-263-783-2936,Mesa,WI,30934,VIP,2023-09-22 19:01:36
186,Jessica,Green,jessica.green186@hotmail.com,+1-424-236-8834,San Jose,UT,89395,New,2023-08-04 09:44:37
187,Stephen,Walker,stephen.walker187@yahoo.com,+1-738-557-9653,Baltimore,IL,83946,Regular,2022-06-24 07:26:49
188,Stephen,Allen,stephen.allen188@outlook.com,+1-368-435-9525,Sacramento,GA,99167,New,2022-11-16 01:55:20
189,Elizabeth,Allen,elizabeth.allen189@mail.com,+1-335-625-7806,Mesa,NE,17567,New,2024-05-18 01:28:10
190,Michelle,Campbell,michelle.campbell190@aol.com,+1-203-863-4570,Tampa,IL,15936,VIP,2023-10-21 04:35:00
191,David,Wright,david.wright191@mail.com,+1-232-393-7698,Jacksonville,NC,94085,New,2024-09-30 08:10:55
192,Melissa,Harris,melissa.harris192@protonmail.com,+1-282-799-9835,Dallas,SC,25549,New,2022-10-05 05:58:44
193,Shirley,Rodriguez,shirley.rodriguez193@gmail.com,+1-505-574-9920,Fresno,KS,59712,Premium,2022-12-23 18:29:49
194,Ryan,Thompson,ryan.thompson194@hotmail.com,+1-942-883-2848,Chicago,OR,90599,Premium,2022-01-25 07:19:03
195,Anthony,Jones,anthony.jones195@gmail.com,+1-657-712-1797,Indianapolis,NY,62725,Premium,2023-11-13 21:43:11
196,Anna,Wilson,anna.wilson196@aol.com,+1-439-935-6224,Tulsa,ID,98150,Premium,2023-05-14 03:15:43
197,Joshua,Martinez,joshua.martinez197@aol.com,+1-481-162-3869,Fresno,NM,74962,VIP,2022-03-14 19:57:56
198,Timothy,King,timothy.king198@protonmail.com,+1-618-252-5913,Milwaukee,VA,80507,Premium,2024-01-06 14:03:40
199,Mark,Martin,mark.martin199@gmail.com,+1-775-522-7824,Cleveland,MS,27575,Premium,2023-08-27 09:18:42
200,Steven,Wilson,steven.wilson200@yahoo.com,+1-660-967-7079,Philadelphia,KS,34966,VIP,2022-03-22 01:25:29
201,Timothy,Baker,timothy.baker201@hotmail.com,+1-979-701-4555,Kansas City,AZ,53642,Regular,2023-04-16 23:40:07
202,Margaret,Gonzalez,margaret.gonzalez202@mail.com,+1-448-812-4350,Albuquerque,TN,82362,VIP,2023-05-15 14:40:35
203,Timothy,Robinson,timothy.robinson203@aol.com,+1-568-625-9147,Mesa,OH,71537,Premium,2023-05-13 11:09:43
204,Melissa,Lee,melissa.lee204@hotmail.com,+1-959-249-1265,San Francisco,NM,86550,New,2024-06-18 16:00:47
205,Donna,Martinez,donna.martinez205@hotmail.com,+1-588-683-5026,Atlanta,NM,95800,VIP,2024-11-29 20:55:56
206,Steven,Carter,steven.carter206@mail.com,+1-671-272-6770,Austin,NC,81636,Premium,2024-01-29 13:45:07
207,Anna,Adams,anna.adams207@gmail.com,+1-276-937-1794,New York,OR,28021,Premium,2024-09-06 18:15:42
208,David,Rivera,david.rivera208@hotmail.com,+1-717-566-7114,Houston,ME,93588,New,2024-11-01 18:25:04
209,Gary,Johnson,gary.johnson209@protonmail.com,+1-212-117-9673,Seattle,KS,47576,New,2022-01-27 15:07:20
210,Daniel,Miller,daniel.miller210@outlook.com,+1-446-296-9625,San Francisco,SC,45038,Regular,2023-09-09 13:22:16
211,Melissa,Sanchez,melissa.sanchez211@hotmail.com,+1-913-331-5914,Philadelphia,NY,22255,New,2023-09-22 13:52:12
212,Timothy,Scott,timothy.scott212@gmail.com,+1-919-275-2354,Atlanta,OK,94529,Regular,2023-05-30 14:39:49
213,Shirley,Williams,shirley.williams213@mail.com,+1-477-147-2218,Seattle,KS,83860,Regular,2024-10-19 08:05:27
214,Daniel,Lee,daniel.lee214@outlook.com,+1-970-940-7525,Phoenix,WI,31292,Premium,2024-05-26 01:53:08
215,Larry,Harris,larry.harris215@outlook.com,+1-905-841-2284,Omaha,SC,17038,New,2022-06-01 17:59:24
216,Sandra,Jones,sandra.jones216@protonmail.com,+1-992-434-1485,Seattle,CT,74304,VIP,2022-12-21 09:36:56
217,Stephen,Harris,stephen.harris217@protonmail.com,+1-287-890-5839,Indianapolis,IL,20752,Premium,2023-02-21 06:43:17
218,Timothy,Rivera,timothy.rivera218@protonmail.com,+1-524-469-2745,Philadelphia,CA,50405,VIP,2023-11-22 20:57:17
219,Andrew,Miller,andrew.miller219@outlook.com,+1-641-559-9395,Tucson,OH,13442,VIP,2022-05-20 05:13:57
220,Stephen,Garcia,stephen.garcia220@gmail.com,+1-498-523-7353,Philadelphia,NM,41816,Premium,2024-06-07 12:13:49
221,Timothy,Hernandez,timothy.hernandez221@aol.com,+1-474-604-3390,Phoenix,NJ,66973,New,2023-03-05 16:36:15
222,Joshua,Walker,joshua.walker222@aol.com,+1-452-838-9123,Aurora,ME,35630,Regular,2023-12-13 06:19:08
223,Sarah,Martin,sarah.martin223@icloud.com,+1-835-489-6399,Sacramento,MN,66441,Premium,2024-10-08 08:24:47
224,Joshua,Lee,joshua.lee224@icloud.com,+1-381-507-6228,Denver,NV,85481,VIP,2023-01-12 14:13:58
225,Timothy,Moore,timothy.moore225@yahoo.com,+1-777-304-9939,Jacksonville,NM,13527,Premium,2023-12-19 02:31:25
226,Jeffrey,Jackson,jeffrey.jackson226@mail.com,+1-342-748-5961,Indianapolis,IN,96332,New,2022-08-28 10:52:34
227,Timothy,Jones,timothy.jones227@mail.com,+1-796-510-9755,Omaha,OR,81256,VIP,2022-02-27 02:42:16
228,Jonathan,Hill,jonathan.hill228@hotmail.com,+1-873-780-6816,Austin,ME,15806,New,2024-05-24 22:22:27
229,Kevin,Ramirez,kevin.ramirez229@yahoo.com,+1-464-327-9366,Raleigh,NM,86089,Premium,2024-12-04 05:59:14
230,Laura,White,laura.white230@outlook.com,+1-553-125-8909,San Antonio,MD,64522,Regular,2022-05-14 08:53:56
231,Christopher,Thompson,christopher.thompson231@mail.com,+1-411-633-8912,Louisville,IA,22795,New,2023-11-12 16:00:36
232,Kenneth,Jones,kenneth.jones232@yahoo.com,+1-223-969-6620,San Antonio,NJ,41970,Premium,2024-03-12 13:38:49
233,Stephen,Hernandez,stephen.hernandez233@protonmail.com,+1-673-337-7636,Jacksonville,VA,93948,New,2024-10-18 02:12:54
234,Ronald,Johnson,ronald.johnson234@protonmail.com,+1-598-104-4519,Columbus,MO,18200,Regular,2024-06-15 21:05:24
235,Jonathan,Lopez,jonathan.lopez235@hotmail.com,+1-668-216-5298,Atlanta,MS,93769,New,2023-05-02 20:33:07
236,Brandon,Sanchez,brandon.sanchez236@icloud.com,+1-668-732-3826,Nashville,ME,87354,Premium,2022-05-12 15:46:56
237,Kenneth,Davis,kenneth.davis237@yahoo.com,+1-387-482-3316,Omaha,LA,64819,Premium,2024-07-15 12:21:58
238,Pamela,Harris,pamela.harris238@mail.com,+1-850-650-3838,Cleveland,NJ,74178,Premium,2023-03-25 16:32:27
239,Nancy,Lee,nancy.lee239@gmail.com,+1-567-109-8939,Dallas,WA,60324,New,2024-05-22 09:17:50
240,Jason,Baker,jason.baker240@mail.com,+1-700-271-2354,Tulsa,TX,38905,Regular,2023-03-30 17:54:04
241,Emily,Anderson,emily.anderson241@mail.com,+1-779-860-9115,Cleveland,AR,24838,Regular,2024-06-08 16:19:39
242,Andrew,Roberts,andrew.roberts242@gmail.com,+1-978-836-8231,Miami,AZ,65725,Premium,2022-06-09 02:21:41
243,Joshua,Williams,joshua.williams243@icloud.com,+1-289-549-2923,Indianapolis,AZ,87060,VIP,2024-12-06 12:45:44
244,Brandon,Green,brandon.green244@outlook.com,+1-411-933-4390,Houston,NE,55982,VIP,2024-04-06 20:51:59
245,Scott,Wright,scott.wright245@aol.com,+1-496-686-5380,Omaha,OH,27771,Regular,2023-10-02 09:25:09
246,Emily,Adams,emily.adams246@outlook.com,+1-455-249-6277,Indianapolis,KY,74154,VIP,2022-08-09 20:32:33
247,Rebecca,Harris,rebecca.harris247@yahoo.com,+1-612-627-5558,Baltimore,UT,73968,Regular,2023-05-24 10:13:43
248,Elizabeth,Campbell,elizabeth.campbell248@icloud.com,+1-264-914-9756,Albuquerque,AZ,66314,New,2022-11-26 02:23:42
249,Andrew,Lee,andrew.lee249@outlook.com,+1-779-972-8951,Memphis,FL,16021,New,2022-06-04 16:24:55
250,Robert,Davis,robert.davis250@mail.com,+1-200-538-4314,Dallas,WI,30837,Regular,2023-03-02 16:11:09
251,George,Taylor,george.taylor251@outlook.com,+1-253-505-6005,Charlotte,OK,95915,Regular,2022-05-22 16:09:07
252,James,Wilson,james.wilson252@outlook.com,+1-807-331-9510,Sacramento,CA,11056,VIP,2024-12-16 13:44:23
253,Jessica,Ramirez,jessica.ramirez253@yahoo.com,+1-434-492-2463,San Antonio,OH,51071,VIP,2023-07-25 23:41:34
254,Sarah,Harris,sarah.harris254@outlook.com,+1-270-643-1138,Bakersfield,NJ,67684,Premium,2023-06-30 13:13:37
255,Karen,Clark,karen.clark255@yahoo.com,+1-302-243-3017,Tampa,LA,56076,VIP,2023-10-30 00:46:21
256,Sarah,Thomas,sarah.thomas256@yahoo.com,+1-454-666-5668,Los Angeles,WI,36928,Premium,2024-03-15 07:05:11
257,Ronald,Jackson,ronald.jackson257@mail.com,+1-595-215-4949,Atlanta,ID,19307,Regular,2024-03-31 15:56:53
258,George,Lee,george.lee258@protonmail.com,+1-574-659-3830,Kansas City,IL,12187,Regular,2024-07-01 10:29:54
259,Mary,Taylor,mary.taylor259@gmail.com,+1-607-618-5693,Omaha,OR,65518,New,2024-12-26 05:23:49
260,William,Green,william.green260@yahoo.com,+1-517-180-9377,Columbus,MI,80305,New,2023-05-23 14:08:02
261,Emma,Green,emma.green261@protonmail.com,+1-947-966-4909,Houston,TN,21300,Regular,2023-11-06 22:43:20
262,Ryan,Flores,ryan.flores262@outlook.com,+1-322-112-3248,New York,NJ,75065,VIP,2023-06-23 14:06:14
263,Lisa,White,lisa.white263@aol.com,+1-950-220-1480,Memphis,OK,45649,Regular,2024-03-24 18:42:02
264,Kimberly,Rivera,kimberly.rivera264@mail.com,+1-723-468-1908,Atlanta,NE,31873,Premium,2023-07-26 04:23:38
265,Steven,Roberts,steven.roberts265@yahoo.com,+1-433-858-9336,New York,NY,11610,Regular,2023-01-15 21:32:20
266,Jacob,White,jacob.white266@outlook.com,+1-236-666-7870,Charlotte,CO,42540,VIP,2023-10-09 15:10:14
267,Andrew,Jones,andrew.jones267@gmail.com,+1-383-328-9450,Chicago,KY,19034,VIP,2023-12-24 11:58:03
268,Michelle,Lee,michelle.lee268@mail.com,+1-208-477-4287,Denver,NE,49834,Premium,2024-08-25 08:35:31
269,Cynthia,White,cynthia.white269@hotmail.com,+1-354-106-7718,Los Angeles,MA,80981,Regular,2023-06-23 03:36:41
270,Kevin,Smith,kevin.smith270@aol.com,+1-306-310-9680,Indianapolis,OR,74491,Premium,2022-04-04 01:03:00
271,Emily,Garcia,emily.garcia271@protonmail.com,+1-917-481-8511,Philadelphia,HI,22527,Premium,2024-02-25 03:42:46
272,Ronald,Jones,ronald.jones272@outlook.com,+1-442-398-5276,Portland,KY,52762,New,2023-05-10 02:03:04
273,Andrew,Anderson,andrew.anderson273@outlook.com,+1-998-888-2785,San Jose,OH,31544,New,2023-11-30 09:03:47
274,Kenneth,Clark,kenneth.clark274@icloud.com,+1-988-312-8404,Nashville,UT,44735,Regular,2022-07-06 06:42:05
275,Charles,Baker,charles.baker275@gmail.com,+1-420-955-6370,San Jose,PA,42534,New,2023-07-07 15:03:04
276,Angela,Brown,angela.brown276@outlook.com,+1-231-514-8408,Cleveland,NM,42748,New,2022-05-28 03:36:51
277,Susan,Rodriguez,susan.rodriguez277@gmail.com,+1-999-327-3141,Fort Worth,KY,58790,Regular,2024-12-02 02:34:08
278,Justin,Nguyen,justin.nguyen278@gmail.com,+1-266-302-8265,Dallas,PA,53456,Regular,2022-07-10 08:09:44
279,Cynthia,Brown,cynthia.brown279@protonmail.com,+1-941-504-9128,Los Angeles,LA,99550,Premium,2023-10-25 19:11:15
280,Dorothy,Wilson,dorothy.wilson280@aol.com,+1-656-252-1567,Bakersfield,ME,90868,VIP,2023-01-17 19:31:14
281,Amy,Clark,amy.clark281@yahoo.com,+1-486-492-3248,Tucson,WA,94233,Premium,2024-03-27 19:46:08
282,Anna,Johnson,anna.johnson282@icloud.com,+1-691-657-8940,Louisville,NE,75849,New,2023-05-15 14:16:54
283,Andrew,Lopez,andrew.lopez283@hotmail.com,+1-230-930-5602,Houston,IA,79393,Premium,2023-07-10 06:03:50
284,Charles,Miller,charles.miller284@hotmail.com,+1-472-646-1916,Charlotte,NE,60911,Premium,2023-07-06 04:04:31
285,Daniel,Thomas,daniel.thomas285@icloud.com,+1-805-128-6761,Tulsa,NE,28625,Premium,2024-05-24 18:13:15
286,Amy,Wright,amy.wright286@mail.com,+1-238-192-1920,Charlotte,ID,38679,New,2022-01-31 22:58:09
287,James,Perez,james.perez287@icloud.com,+1-934-281-6301,Houston,TX,29360,Premium,2024-06-30 06:22:30
288,Joseph,King,joseph.king288@icloud.com,+1-921-778-7481,Tampa,OH,54113,VIP,2023-04-14 18:37:13
289,Sarah,Hernandez,sarah.hernandez289@mail.com,+1-864-424-3854,Cleveland,ME,56769,Premium,2022-12-13 18:53:11
290,Timothy,Martin,timothy.martin290@outlook.com,+1-946-101-7415,Tulsa,NY,33865,VIP,2024-07-24 18:40:38
291,Brandon,Anderson,brandon.anderson291@outlook.com,+1-539-863-2274,Indianapolis,SC,51879,Regular,2022-09-18 19:17:47
292,Kevin,Lewis,kevin.lewis292@hotmail.com,+1-455-809-2110,Louisville,IN,24160,Regular,2022-01-02 23:45:54
293,Deborah,Lewis,deborah.lewis293@protonmail.com,+1-704-487-6754,Miami,LA,23294,Premium,2024-01-15 20:39:17
294,Charles,Lewis,charles.lewis294@aol.com,+1-220-426-5278,San Antonio,IL,54801,New,2022-09-22 05:58:53
295,Charles,Campbell,charles.campbell295@yahoo.com,+1-546-708-8909,Los Angeles,OK,95673,New,2022-09-14 07:32:28
296,Charles,Brown,charles.brown296@hotmail.com,+1-394-519-9849,San Francisco,MD,48980,Regular,2023-01-05 00:26:31
297,Michael,Sanchez,michael.sanchez297@gmail.com,+1-569-103-8005,Philadelphia,MD,96772,New,2024-08-29 01:04:47
298,Betty,Miller,betty.miller298@outlook.com,+1-853-398-2342,Kansas City,GA,50416,New,2023-09-10 10:39:24
299,Gary,Nelson,gary.nelson299@protonmail.com,+1-389-479-7249,Baltimore,VA,68428,VIP,2022-03-11 07:26:22
300,Jeffrey,Robinson,jeffrey.robinson300@aol.com,+1-777-163-3476,San Antonio,PA,97574,New,2023-06-19 01:28:18
301,Emma,Anderson,emma.anderson301@protonmail.com,+1-748-803-8779,Tulsa,TN,72424,Regular,2023-04-10 06:00:51
302,Ronald,Rivera,ronald.rivera302@outlook.com,+1-323-875-8357,Jacksonville,NJ,37772,Premium,2022-10-27 09:20:57
303,Jennifer,Ramirez,jennifer.ramirez303@protonmail.com,+1-406-942-3422,Aurora,IN,51910,Regular,2022-04-15 02:23:12
304,Deborah,Scott,deborah.scott304@icloud.com,+1-482-632-8506,New York,ME,87014,New,2024-03-22 18:31:25
305,Joseph,Clark,joseph.clark305@yahoo.com,+1-308-676-2654,Denver,KS,55071,VIP,2023-10-01 07:05:27
306,Deborah,Adams,deborah.adams306@mail.com,+1-238-276-5512,Albuquerque,MI,91034,New,2024-08-03 12:18:46
307,John,Sanchez,john.sanchez307@hotmail.com,+1-250-863-8785,Seattle,AL,12651,VIP,2023-06-09 20:33:37
308,Michelle,Moore,michelle.moore308@yahoo.com,+1-433-237-5923,Sacramento,CO,45313,Regular,2023-10-10 10:24:48
309,Matthew,Lewis,matthew.lewis309@mail.com,+1-977-628-7126,Houston,AR,30836,VIP,2022-04-12 22:22:40
310,Nicholas,Sanchez,nicholas.sanchez310@gmail.com,+1-377-297-4288,Houston,TN,14334,Regular,2023-12-11 01:38:23
311,George,Rivera,george.rivera311@icloud.com,+1-675-617-7503,San Diego,TX,41711,New,2023-08-02 14:34:02
312,Scott,Lewis,scott.lewis312@icloud.com,+1-552-267-5237,Philadelphia,MD,13597,Regular,2023-08-24 12:12:46
313,Charles,Torres,charles.torres313@hotmail.com,+1-893-311-5408,Tucson,AR,12628,Regular,2024-11-25 18:14:58
314,Jacob,Rodriguez,jacob.rodriguez314@gmail.com,+1-429-358-6004,Seattle,OK,59345,New,2023-06-26 16:49:16
315,Steven,Wilson,steven.wilson315@protonmail.com,+1-798-204-1120,Omaha,AL,83591,VIP,2024-10-02 14:39:48
316,Joshua,Baker,joshua.baker316@yahoo.com,+1-544-383-6327,Seattle,IN,95998,VIP,2024-10-09 00:25:49
317,Matthew,Martinez,matthew.martinez317@protonmail.com,+1-876-427-3292,Los Angeles,NV,48745,New,2023-02-08 00:06:44
318,Stephanie,Harris,stephanie.harris318@hotmail.com,+1-551-843-4643,Miami,IA,98063,VIP,2023-07-11 21:44:30
319,Lisa,Nelson,lisa.nelson319@yahoo.com,+1-682-231-5237,Cleveland,VA,99091,Regular,2023-06-06 09:17:06
320,Mark,Thompson,mark.thompson320@aol.com,+1-630-907-6428,Baltimore,IN,86751,New,2023-04-02 19:01:13
321,Jessica,Walker,jessica.walker321@yahoo.com,+1-683-299-9199,San Diego,LA,79446,New,2023-04-09 11:30:31
322,Michael,Martinez,michael.martinez322@icloud.com,+1-619-683-8496,San Jose,CO,33639,New,2022-05-06 12:52:11
323,Kevin,Green,kevin.green323@gmail.com,+1-204-562-5481,Columbus,NJ,85534,New,2022-09-04 02:53:21
324,Elizabeth,Rodriguez,elizabeth.rodriguez324@protonmail.com,+1-613-539-8821,Milwaukee,CA,14944,Premium,2024-04-09 04:51:28
325,Melissa,Smith,melissa.smith325@hotmail.com,+1-218-792-1067,Indianapolis,MA,55134,Premium,2023-04-30 19:38:34
326,Susan,Harris,susan.harris326@yahoo.com,+1-246-405-5764,Mesa,MS,88167,VIP,2024-03-25 04:31:19
327,Sharon,Baker,sharon.baker327@mail.com,+1-567-868-4087,Austin,KY,12506,Premium,2022-12-21 20:03:03
328,Thomas,Wilson,thomas.wilson328@outlook.com,+1-326-475-1612,Milwaukee,IN,80088,Regular,2024-08-26 00:08:54
329,Scott,Brown,scott.brown329@gmail.com,+1-249-806-2897,Tucson,CT,59840,VIP,2022-07-11 23:57:28
330,Jacob,Hall,jacob.hall330@gmail.com,+1-508-530-2654,Raleigh,MO,91631,Premium,2024-07-29 19:41:04
331,Rebecca,Miller,rebecca.miller331@yahoo.com,+1-308-609-4254,Aurora,WA,44471,Premium,2024-03-23 16:18:01
332,Dorothy,Rivera,dorothy.rivera332@outlook.com,+1-240-661-9132,Columbus,IA,53332,Regular,2022-12-31 06:59:24
333,Mary,Nelson,mary.nelson333@mail.com,+1-352-192-9383,Phoenix,OH,43540,Premium,2024-09-27 22:37:00
334,Ryan,Jackson,ryan.jackson334@gmail.com,+1-302-932-3862,Chicago,MD,57214,VIP,2024-11-17 07:41:06
335,Edward,Mitchell,edward.mitchell335@gmail.com,+1-209-972-3267,Austin,MN,56861,VIP,2023-11-11 23:10:47
336,Elizabeth,White,elizabeth.white336@yahoo.com,+1-610-509-8479,Seattle,LA,72684,Premium,2023-10-18 03:36:00
337,Joseph,Rodriguez,joseph.rodriguez337@yahoo.com,+1-626-704-8908,Tulsa,CT,33758,New,2024-08-07 15:46:45
338,Dorothy,Flores,dorothy.flores338@outlook.com,+1-694-599-2850,Tucson,CT,16025,VIP,2022-04-09 09:20:20
339,Kenneth,Smith,kenneth.smith339@icloud.com,+1-731-635-2560,Fresno,TN,73167,New,2023-06-22 02:28:30
340,Karen,Scott,karen.scott340@outlook.com,+1-717-969-8688,Atlanta,NJ,19812,VIP,2024-02-03 17:57:52
341,Donald,Perez,donald.perez341@hotmail.com,+1-763-758-7203,Albuquerque,TN,20332,New,2023-12-15 04:17:13
342,Pamela,Lewis,pamela.lewis342@mail.com,+1-523-221-9148,Los Angeles,OH,62879,Regular,2023-10-03 13:05:43
343,Brenda,Scott,brenda.scott343@aol.com,+1-720-675-4389,Mesa,MN,57624,Premium,2022-03-26 07:31:35
344,Ryan,Perez,ryan.perez344@icloud.com,+1-933-563-2868,San Antonio,MA,10287,VIP,2023-06-15 06:42:56
345,Donna,Scott,donna.scott345@yahoo.com,+1-246-268-9067,Dallas,OR,24019,Premium,2023-01-31 00:35:33
346,Matthew,Davis,matthew.davis346@mail.com,+1-395-833-6536,San Antonio,OR,16094,Regular,2024-09-10 16:54:56
347,Laura,Robinson,laura.robinson347@gmail.com,+1-743-853-1795,Cleveland,OK,86692,Premium,2024-01-21 05:00:30
348,Justin,Lopez,justin.lopez348@protonmail.com,+1-873-714-6273,Omaha,LA,64875,Premium,2024-08-04 00:55:49
349,Emily,Sanchez,emily.sanchez349@mail.com,+1-336-241-7762,Aurora,AR,49179,VIP,2024-12-25 17:36:12
350,Stephen,Green,stephen.green350@hotmail.com,+1-839-831-5760,Louisville,NC,95208,VIP,2022-10-04 05:20:16
351,Joseph,Carter,joseph.carter351@mail.com,+1-796-684-7839,Miami,MD,65363,Regular,2022-01-20 20:07:09
352,Patricia,Harris,patricia.harris352@gmail.com,+1-404-373-3636,Denver,IN,29192,VIP,2022-04-07 08:45:04
353,Anthony,Carter,anthony.carter353@mail.com,+1-304-730-4675,Cleveland,LA,41142,VIP,2024-03-04 16:33:50
354,Michael,Harris,michael.harris354@icloud.com,+1-765-155-1212,San Francisco,WA,91338,Premium,2023-11-20 06:37:03
355,Melissa,Carter,melissa.carter355@hotmail.com,+1-501-559-3906,Phoenix,VA,32779,Regular,2024-03-09 05:35:57
356,Timothy,Williams,timothy.williams356@aol.com,+1-333-264-5178,New York,MN,71122,Regular,2022-08-29 11:34:29
357,Karen,Lee,karen.lee357@aol.com,+1-702-908-6866,Phoenix,CO,78864,Premium,2022-12-08 16:46:41
358,Eric,Jones,eric.jones358@protonmail.com,+1-294-457-4624,Columbus,MN,53393,VIP,2023-07-15 11:31:04
359,Margaret,Carter,margaret.carter359@gmail.com,+1-317-784-6668,Sacramento,TN,94182,Premium,2024-08-11 08:26:06
360,Jennifer,Baker,jennifer.baker360@yahoo.com,+1-595-362-9851,Denver,TX,77746,New,2023-08-06 11:26:56
361,Gary,Williams,gary.williams361@hotmail.com,+1-528-626-2349,San Antonio,NJ,80513,Regular,2024-04-08 07:21:14
362,David,Wilson,david.wilson362@protonmail.com,+1-306-310-9810,Fresno,IL,99921,Regular,2022-08-27 20:23:10
363,Ryan,Rivera,ryan.rivera363@yahoo.com,+1-275-155-3916,San Francisco,NM,19232,Premium,2024-06-12 04:08:52
364,Kimberly,Clark,kimberly.clark364@protonmail.com,+1-643-423-1276,Milwaukee,GA,80101,Regular,2022-01-10 03:55:40
365,Justin,Williams,justin.williams365@yahoo.com,+1-496-905-5937,Aurora,PA,46899,New,2023-11-11 21:44:58
366,Ronald,Nelson,ronald.nelson366@outlook.com,+1-746-325-3234,Albuquerque,KS,48663,Premium,2024-09-11 22:56:09
367,Joshua,Baker,joshua.baker367@outlook.com,+1-326-142-1082,Tulsa,ID,61653,Regular,2024-04-14 10:28:47
368,Michelle,Wilson,michelle.wilson368@protonmail.com,+1-861-971-9397,San Jose,NJ,34116,VIP,2022-12-09 23:34:19
369,Matthew,Davis,matthew.davis369@gmail.com,+1-969-662-8557,Cleveland,IL,48096,Regular,2024-11-09 10:14:28
370,Steven,Miller,steven.miller370@mail.com,+1-538-465-3100,Indianapolis,OH,47373,Regular,2024-08-20 09:13:20
371,Matthew,Lee,matthew.lee371@icloud.com,+1-831-775-6008,Tampa,MI,84128,VIP,2024-05-30 14:08:35
372,Kenneth,Ramirez,kenneth.ramirez372@icloud.com,+1-452-904-4629,Fresno,MO,57118,VIP,2022-07-28 15:17:03
373,Kathleen,Robinson,kathleen.robinson373@aol.com,+1-698-664-2783,Jacksonville,ID,20744,Premium,2023-03-12 22:07:13
374,Jonathan,Gonzalez,jonathan.gonzalez374@yahoo.com,+1-944-177-1305,Omaha,TX,86269,New,2024-06-18 06:59:08
375,Emma,Wilson,emma.wilson375@aol.com,+1-756-652-8734,San Jose,AL,61445,VIP,2022-12-13 21:28:30
376,Sarah,Robinson,sarah.robinson376@icloud.com,+1-714-110-4913,Bakersfield,NJ,77388,New,2022-08-07 01:23:55
377,Charles,Lopez,charles.lopez377@mail.com,+1-567-141-4585,Atlanta,MA,18239,VIP,2023-02-15 15:56:51
378,Sandra,Williams,sandra.williams378@icloud.com,+1-597-580-8448,Chicago,NY,95003,Regular,2023-05-19 10:14:48
379,Eric,Green,eric.green379@aol.com,+1-792-657-3848,Milwaukee,LA,57880,Regular,2024-07-01 22:15:16
380,Eric,Taylor,eric.taylor380@protonmail.com,+1-561-936-6653,Atlanta,IA,89195,Premium,2022-01-11 05:58:46
381,Jeffrey,Hernandez,jeffrey.hernandez381@aol.com,+1-416-253-4062,Austin,AL,88908,Premium,2022-07-03 19:40:13
382,Rebecca,Perez,rebecca.perez382@mail.com,+1-690-315-3641,Tucson,TX,41938,Premium,2022-03-09 00:32:14
383,Pamela,Nguyen,pamela.nguyen383@gmail.com,+1-786-250-1916,Austin,IN,33597,New,2024-03-13 13:45:39
384,Scott,Torres,scott.torres384@aol.com,+1-287-321-8359,Aurora,IA,73133,Premium,2022-09-22 23:11:26
385,Jason,Hill,jason.hill385@outlook.com,+1-838-775-9369,San Francisco,NJ,99861,New,2023-06-17 07:42:39
386,Scott,Nguyen,scott.nguyen386@protonmail.com,+1-594-235-2778,Los Angeles,WA,78512,New,2024-02-23 11:53:09
387,Karen,Hill,karen.hill387@mail.com,+1-829-714-1639,Miami,AR,25403,New,2022-05-25 18:22:25
388,Thomas,Hill,thomas.hill388@protonmail.com,+1-734-530-7068,Chicago,MS,66224,New,2022-12-23 11:52:03
389,Timothy,Thompson,timothy.thompson389@outlook.com,+1-460-588-4809,Philadelphia,MD,88419,New,2024-04-24 15:45:42
390,Steven,Gonzalez,steven.gonzalez390@gmail.com,+1-791-635-2930,Raleigh,CA,59155,Premium,2024-10-13 19:14:53
391,Kenneth,Clark,kenneth.clark391@outlook.com,+1-636-767-5155,San Francisco,KS,65517,VIP,2024-05-27 04:25:56
392,Brandon,Moore,brandon.moore392@protonmail.com,+1-765-902-8904,Jacksonville,AL,83281,New,2024-05-12 00:35:41
393,Steven,Martin,steven.martin393@protonmail.com,+1-953-241-2951,Charlotte,CT,31206,Premium,2022-06-05 18:39:28
394,Angela,Sanchez,angela.sanchez394@gmail.com,+1-364-498-1086,Philadelphia,MI,71822,New,2024-07-21 10:46:19
395,Elizabeth,Jones,elizabeth.jones395@icloud.com,+1-281-723-1618,Milwaukee,KY,90473,VIP,2024-10-16 07:59:08
396,Scott,Brown,scott.brown396@mail.com,+1-649-110-4304,Raleigh,MD,35525,Premium,2022-02-22 05:02:50
397,Brandon,Hernandez,brandon.hernandez397@hotmail.com,+1-870-100-3579,Philadelphia,MO,62354,New,2023-07-03 13:33:12
398,Stephanie,Nguyen,stephanie.nguyen398@gmail.com,+1-954-820-2124,Philadelphia,NM,47289,VIP,2024-05-18 13:16:32
399,Brian,Moore,brian.moore399@hotmail.com,+1-665-513-1076,San Francisco,VA,63363,Regular,2024-02-26 09:55:27
400,Brenda,Jones,brenda.jones400@yahoo.com,+1-725-363-9813,Tulsa,IN,68034,New,2023-08-09 18:34:18
401,Ashley,Carter,ashley.carter401@mail.com,+1-800-982-1448,Kansas City,GA,43792,New,2022-04-15 22:36:19
402,Mark,Baker,mark.baker402@protonmail.com,+1-561-628-9776,New York,IN,42539,Regular,2023-03-23 06:55:55
403,Stephanie,Baker,stephanie.baker403@outlook.com,+1-687-421-6792,Columbus,NE,45268,Premium,2022-10-11 22:41:53
404,Amy,Mitchell,amy.mitchell404@hotmail.com,+1-471-311-4755,Fort Worth,TN,91080,Premium,2023-07-08 01:39:45
405,Susan,Davis,susan.davis405@mail.com,+1-828-106-9871,Chicago,IA,58653,VIP,2024-08-22 04:09:38
406,Amy,Torres,amy.torres406@outlook.com,+1-982-623-5591,Albuquerque,MA,85584,Regular,2022-07-19 05:21:20
407,Shirley,Ramirez,shirley.ramirez407@gmail.com,+1-714-455-7450,Jacksonville,UT,25776,New,2024-12-20 16:26:39
408,Kenneth,Hall,kenneth.hall408@hotmail.com,+1-588-694-2650,Portland,AL,90318,Premium,2023-02-08 10:20:47
409,Stephen,Taylor,stephen.taylor409@mail.com,+1-827-451-6995,Jacksonville,NV,65567,New,2022-11-24 01:13:11
410,Melissa,White,melissa.white410@mail.com,+1-384-685-3148,Tulsa,MA,23090,Premium,2023-02-24 08:25:55
411,Brenda,Ramirez,brenda.ramirez411@outlook.com,+1-956-253-8749,New York,VA,65249,Premium,2024-02-16 02:21:25
412,Eric,Wright,eric.wright412@aol.com,+1-456-675-1781,Albuquerque,OH,31409,Premium,2022-04-04 06:19:06
413,Steven,Walker,steven.walker413@icloud.com,+1-466-469-6903,Cleveland,NM,43779,Regular,2023-06-19 14:28:46
414,Jason,Davis,jason.davis414@hotmail.com,+1-790-689-9821,Jacksonville,MD,56544,New,2023-05-21 00:14:39
415,Laura,Garcia,laura.garcia415@aol.com,+1-674-746-3373,Austin,MN,65288,New,2024-09-07 15:34:42
416,Barbara,Garcia,barbara.garcia416@hotmail.com,+1-521-424-5773,Seattle,ID,94494,VIP,2023-09-07 07:38:35
417,Jeffrey,Roberts,jeffrey.roberts417@mail.com,+1-623-271-4012,Los Angeles,NC,40753,VIP,2024-10-25 09:59:22
418,William,Wilson,william.wilson418@yahoo.com,+1-297-165-8752,Cleveland,FL,13455,Regular,2023-09-09 17:41:58
419,Susan,Taylor,susan.taylor419@protonmail.com,+1-516-334-5053,Denver,CT,92114,Premium,2022-07-16 08:58:12
420,Shirley,Hernandez,shirley.hernandez420@icloud.com,+1-533-984-8801,Mesa,KS,45705,New,2024-05-02 03:15:00
421,Sarah,Hall,sarah.hall421@mail.com,+1-846-866-8126,Raleigh,KS,50587,New,2023-06-24 07:22:20
422,Anna,Anderson,anna.anderson422@aol.com,+1-574-522-5256,San Jose,WI,11383,Premium,2022-01-01 03:26:34
423,Brian,Jackson,brian.jackson423@gmail.com,+1-904-603-8816,Nashville,CA,66418,Premium,2023-04-01 00:56:47
424,James,Scott,james.scott424@protonmail.com,+1-774-547-7467,Indianapolis,NJ,94671,New,2023-08-29 09:56:11
425,Mark,Taylor,mark.taylor425@hotmail.com,+1-729-882-5454,Denver,KS,45235,Premium,2023-10-04 10:10:20
426,David,Lopez,david.lopez426@yahoo.com,+1-852-566-8418,Seattle,ME,74486,VIP,2022-10-19 17:17:52
427,Robert,Martinez,robert.martinez427@gmail.com,+1-390-204-5622,Seattle,NC,67464,Premium,2022-01-13 17:52:14
428,Elizabeth,Martinez,elizabeth.martinez428@hotmail.com,+1-550-530-6104,Atlanta,AL,70776,Regular,2024-12-18 15:36:45
429,Kevin,Garcia,kevin.garcia429@aol.com,+1-994-501-2169,Miami,IA,33803,VIP,2022-10-26 13:26:52
430,Timothy,Smith,timothy.smith430@hotmail.com,+1-594-889-8257,Indianapolis,NY,36106,Regular,2023-12-17 21:09:37
431,Eric,Nelson,eric.nelson431@protonmail.com,+1-897-419-6293,Austin,NY,82034,Regular,2024-03-20 05:32:18
432,Steven,Walker,steven.walker432@icloud.com,+1-253-984-4568,San Diego,TN,92956,VIP,2023-11-06 10:43:10
433,Mary,Hernandez,mary.hernandez433@yahoo.com,+1-605-908-4982,New York,NY,86162,New,2024-12-09 01:04:45
434,Scott,Martinez,scott.martinez434@hotmail.com,+1-361-611-2497,Bakersfield,MN,91937,Regular,2022-04-04 06:54:48
435,Dorothy,Adams,dorothy.adams435@yahoo.com,+1-328-599-4812,Portland,NM,94495,New,2023-06-24 12:56:37
436,Matthew,Johnson,matthew.johnson436@outlook.com,+1-456-140-8951,Sacramento,NM,48628,New,2024-04-23 02:35:34
437,Matthew,Torres,matthew.torres437@icloud.com,+1-531-849-8674,Seattle,ID,82682,Regular,2022-09-07 02:02:08
438,Shirley,Martinez,shirley.martinez438@aol.com,+1-754-475-8439,New York,AR,59681,Regular,2022-10-16 05:13:10
439,Helen,White,helen.white439@yahoo.com,+1-874-651-7348,Fort Worth,MS,99551,Premium,2024-02-12 21:58:37
440,Brandon,Jackson,brandon.jackson440@icloud.com,+1-313-198-9572,Phoenix,NY,27009,Regular,2022-10-05 12:08:13
441,Betty,Miller,betty.miller441@yahoo.com,+1-232-684-7366,Atlanta,MS,91785,VIP,2024-12-25 10:52:54
442,Michael,White,michael.white442@yahoo.com,+1-213-313-9051,Philadelphia,UT,93744,VIP,2022-04-05 07:04:01
443,Brenda,Mitchell,brenda.mitchell443@gmail.com,+1-831-372-9667,Chicago,IL,49833,Premium,2022-05-02 01:38:28
444,Eric,Miller,eric.miller444@hotmail.com,+1-744-494-4104,Fort Worth,MS,96098,Premium,2023-01-22 10:33:28
445,Brenda,Mitchell,brenda.mitchell445@yahoo.com,+1-984-753-6864,Mesa,OK,23644,Premium,2022-09-17 03:06:07
446,Stephen,Sanchez,stephen.sanchez446@outlook.com,+1-746-714-8258,Louisville,CO,82100,VIP,2023-05-20 07:58:56
447,Jason,Carter,jason.carter447@icloud.com,+1-823-346-9939,Columbus,LA,82120,VIP,2023-01-30 17:07:45
448,Laura,Lewis,laura.lewis448@gmail.com,+1-491-710-1267,Raleigh,NC,49562,VIP,2022-01-11 04:54:13
449,Mark,Wilson,mark.wilson449@aol.com,+1-766-623-3534,San Antonio,NY,70341,Premium,2023-07-07 11:48:27
450,Sarah,Taylor,sarah.taylor450@hotmail.com,+1-438-362-5920,Philadelphia,NE,62402,Premium,2024-06-03 00:16:42
451,Barbara,Campbell,barbara.campbell451@outlook.com,+1-699-945-2562,Aurora,WI,14898,New,2024-06-14 05:24:48
452,William,Roberts,william.roberts452@icloud.com,+1-644-526-2974,Charlotte,ID,11498,New,2024-09-11 17:01:26
453,Michael,Martin,michael.martin453@outlook.com,+1-534-614-4617,San Jose,FL,98294,New,2023-09-03 07:43:43
454,Scott,Torres,scott.torres454@protonmail.com,+1-496-905-7460,San Jose,NC,54062,New,2022-05-09 05:30:17
455,Pamela,Mitchell,pamela.mitchell455@protonmail.com,+1-468-187-7529,Omaha,OK,27088,New,2022-07-29 12:20:47
456,Brenda,Gonzalez,brenda.gonzalez456@hotmail.com,+1-774-730-9589,Indianapolis,TN,19390,New,2023-02-18 14:47:01
457,Carol,Baker,carol.baker457@protonmail.com,+1-633-474-6706,Fort Worth,CO,55157,Regular,2024-07-11 13:20:41
458,Michelle,Hernandez,michelle.hernandez458@mail.com,+1-838-249-8216,Chicago,MA,36173,VIP,2024-11-30 16:02:38
459,Karen,Carter,karen.carter459@gmail.com,+1-448-735-3419,Denver,CA,54993,Regular,2024-12-13 18:33:38
460,Michelle,Lewis,michelle.lewis460@icloud.com,+1-414-857-9814,Columbus,AZ,81620,VIP,2024-03-23 20:45:57
461,Stephen,Walker,stephen.walker461@gmail.com,+1-585-696-9631,Chicago,IN,32324,VIP,2022-04-04 09:03:54
462,Betty,Hall,betty.hall462@mail.com,+1-870-108-2091,Milwaukee,MO,96898,VIP,2024-10-22 10:19:32
463,Susan,Johnson,susan.johnson463@protonmail.com,+1-436-489-9331,San Antonio,CO,73525,Regular,2024-07-16 13:44:25
464,Nancy,Gonzalez,nancy.gonzalez464@gmail.com,+1-240-353-9673,Nashville,MN,74216,Premium,2023-09-04 03:00:29
465,Robert,Thompson,robert.thompson465@aol.com,+1-441-613-5519,Houston,IN,60747,VIP,2022-02-15 18:34:05
466,Mark,Martinez,mark.martinez466@outlook.com,+1-289-847-7262,Raleigh,ME,91988,Premium,2024-12-02 11:26:39
467,Rebecca,Thomas,rebecca.thomas467@aol.com,+1-819-437-8359,Miami,NC,37100,Premium,2024-10-10 13:56:36
468,Justin,Wright,justin.wright468@aol.com,+1-905-822-9582,Dallas,OK,29025,Premium,2024-10-16 10:05:34
469,Kenneth,Jones,kenneth.jones469@icloud.com,+1-349-844-1483,Portland,OR,63903,New,2023-04-17 05:38:13
470,Emily,Martinez,emily.martinez470@outlook.com,+1-389-126-5372,Aurora,NE,90263,Premium,2022-12-25 16:59:56
471,Sandra,Baker,sandra.baker471@yahoo.com,+1-904-898-8808,Dallas,AR,89260,VIP,2023-12-30 04:46:11
472,Nancy,Harris,nancy.harris472@outlook.com,+1-367-297-4707,Chicago,OR,11967,New,2023-02-24 05:03:41
473,Mark,Mitchell,mark.mitchell473@yahoo.com,+1-381-549-9027,Portland,UT,42346,New,2023-10-27 04:25:52
474,Jennifer,Hill,jennifer.hill474@icloud.com,+1-603-726-9784,Raleigh,NY,78242,New,2022-06-19 19:36:24
475,Ryan,Williams,ryan.williams475@protonmail.com,+1-952-140-7347,Raleigh,FL,34884,New,2023-03-29 07:57:12
476,Ronald,Martin,ronald.martin476@outlook.com,+1-632-401-1893,Raleigh,MI,70762,New,2024-09-30 16:24:36
477,Elizabeth,Campbell,elizabeth.campbell477@outlook.com,+1-602-523-6299,Sacramento,TX,33445,Premium,2023-12-06 18:26:37
478,Ryan,Garcia,ryan.garcia478@outlook.com,+1-935-850-3024,Philadelphia,GA,68903,VIP,2024-09-11 23:55:59
479,William,King,william.king479@outlook.com,+1-587-663-7235,Chicago,NJ,53934,Premium,2024-05-28 11:03:14
480,Charles,Martinez,charles.martinez480@gmail.com,+1-629-415-6071,Sacramento,MD,92110,Regular,2022-10-08 16:50:10
481,Thomas,Gonzalez,thomas.gonzalez481@aol.com,+1-212-569-9153,Atlanta,KS,10753,New,2024-08-02 11:17:01
482,Donald,Wilson,donald.wilson482@protonmail.com,+1-652-181-1107,Indianapolis,NM,46452,Premium,2024-08-20 18:33:09
483,Michael,Lopez,michael.lopez483@icloud.com,+1-237-248-1531,Tulsa,ID,49117,Regular,2023-05-30 08:42:57
484,Michael,Miller,michael.miller484@outlook.com,+1-888-391-3906,Mesa,HI,57210,Regular,2022-02-25 16:12:49
485,Joshua,Lee,joshua.lee485@yahoo.com,+1-976-537-2063,Denver,IA,27635,VIP,2022-07-09 13:21:20
486,Kevin,King,kevin.king486@hotmail.com,+1-912-314-1953,San Antonio,NE,92441,Regular,2024-04-01 16:33:33
487,Kathleen,Campbell,kathleen.campbell487@icloud.com,+1-465-638-6797,Dallas,ME,83745,New,2024-02-11 03:01:07
488,Amy,Lopez,amy.lopez488@aol.com,+1-398-101-2936,Los Angeles,UT,91980,Premium,2022-07-03 04:35:22
489,Brandon,Clark,brandon.clark489@icloud.com,+1-558-673-4478,New York,WA,46913,Regular,2023-01-31 05:22:21
490,Michelle,Martin,michelle.martin490@yahoo.com,+1-902-441-6592,Albuquerque,NE,90739,Premium,2022-02-15 05:34:28
491,Matthew,Perez,matthew.perez491@mail.com,+1-685-916-1582,Dallas,IA,30366,New,2024-09-01 07:43:44
492,Jonathan,Perez,jonathan.perez492@gmail.com,+1-733-406-6169,Cleveland,KS,12453,VIP,2022-11-20 12:35:15
493,Dorothy,Jones,dorothy.jones493@gmail.com,+1-547-484-9753,Austin,NE,89388,Premium,2023-08-29 04:05:00
494,Scott,Davis,scott.davis494@icloud.com,+1-926-132-5448,Tucson,PA,75149,VIP,2023-01-05 03:56:42
495,Laura,Martin,laura.martin495@aol.com,+1-379-214-7131,Chicago,WA,22137,Regular,2023-11-21 09:05:50
496,Kathleen,Allen,kathleen.allen496@icloud.com,+1-695-850-9579,Nashville,CO,28781,Premium,2022-06-02 15:05:01
497,Anthony,Campbell,anthony.campbell497@protonmail.com,+1-930-985-9558,San Diego,CA,50760,Regular,2022-03-10 09:33:21
498,Kevin,Robinson,kevin.robinson498@aol.com,+1-223-691-6114,Columbus,CO,36287,VIP,2022-10-27 02:37:18
499,Emily,Wright,emily.wright499@yahoo.com,+1-479-252-3580,Seattle,GA,11999,Regular,2024-08-25 17:04:17
500,Anthony,Wright,anthony.wright500@icloud.com,+1-477-244-5641,Tulsa,TN,32449,VIP,2022-04-21 16:07:36
501,Brandon,Perez,brandon.perez501@outlook.com,+1-229-582-1826,San Antonio,LA,17051,New,2022-05-14 18:46:14
502,Ronald,Lopez,ronald.lopez502@icloud.com,+1-519-440-4246,Miami,PA,71039,Premium,2024-06-01 00:43:10
503,Elizabeth,Hall,elizabeth.hall503@mail.com,+1-517-800-8625,Kansas City,MA,39333,VIP,2022-08-12 06:19:57
504,George,Sanchez,george.sanchez504@icloud.com,+1-532-564-8987,Los Angeles,IL,72303,VIP,2022-06-25 08:44:04
505,Kathleen,Robinson,kathleen.robinson505@icloud.com,+1-818-688-3087,Omaha,OH,63174,VIP,2022-06-16 04:33:06
506,Brenda,Adams,brenda.adams506@mail.com,+1-610-704-7773,Indianapolis,ME,41941,Premium,2024-05-01 05:01:12
507,Kathleen,Harris,kathleen.harris507@hotmail.com,+1-910-705-8063,Fresno,NE,54852,Premium,2024-04-25 21:26:00
508,Daniel,Nelson,daniel.nelson508@mail.com,+1-317-706-8584,Portland,NM,22799,Premium,2023-11-23 14:51:51
509,Michelle,Sanchez,michelle.sanchez509@yahoo.com,+1-901-933-7208,Portland,NV,94540,Regular,2024-10-22 12:43:34
510,Elizabeth,Wilson,elizabeth.wilson510@gmail.com,+1-975-250-3444,Sacramento,KS,48207,New,2023-08-29 19:36:26
511,Betty,Wilson,betty.wilson511@aol.com,+1-645-835-6640,Philadelphia,HI,11064,New,2024-08-07 22:01:39
512,Thomas,Jackson,thomas.jackson512@gmail.com,+1-200-820-6885,San Diego,MD,14087,New,2023-01-01 10:25:35
513,Emma,Sanchez,emma.sanchez513@protonmail.com,+1-615-490-8130,Miami,AZ,96833,New,2022-09-27 09:11:50
514,Sarah,Gonzalez,sarah.gonzalez514@protonmail.com,+1-357-395-3056,Dallas,CA,19403,Regular,2024-10-04 05:42:11
515,Christopher,Campbell,christopher.campbell515@protonmail.com,+1-339-186-3248,Tucson,UT,89223,Premium,2023-10-24 07:24:06
516,Ryan,Allen,ryan.allen516@mail.com,+1-593-463-4698,Jacksonville,OK,89242,New,2022-01-12 13:00:36
517,Donald,Rivera,donald.rivera517@icloud.com,+1-234-138-8917,Baltimore,GA,86056,Regular,2024-01-19 00:50:52
518,Christopher,Campbell,christopher.campbell518@yahoo.com,+1-735-724-2449,Indianapolis,IA,92662,Regular,2024-10-28 01:54:23
519,Anna,Nguyen,anna.nguyen519@gmail.com,+1-551-647-1176,Kansas City,UT,77195,VIP,2023-12-30 22:15:05
520,Rebecca,Thompson,rebecca.thompson520@outlook.com,+1-236-811-5981,Tulsa,IN,18050,New,2024-09-04 14:00:23
521,Justin,Hernandez,justin.hernandez521@aol.com,+1-955-739-1447,Denver,NV,20814,Regular,2022-07-17 00:14:31
522,Emily,Taylor,emily.taylor522@aol.com,+1-481-978-5209,New York,GA,89144,Premium,2022-09-29 06:04:33
523,Laura,White,laura.white523@hotmail.com,+1-696-285-9640,Chicago,MN,21062,Premium,2022-08-14 08:36:39
524,Amy,Carter,amy.carter524@hotmail.com,+1-876-550-3740,Columbus,NE,55229,VIP,2022-03-26 09:24:43
525,Joseph,Brown,joseph.brown525@protonmail.com,+1-687-408-8803,Miami,MA,59781,New,2024-11-27 19:05:53
526,Jacob,Taylor,jacob.taylor526@protonmail.com,+1-212-395-8353,Milwaukee,CO,79501,Regular,2024-11-26 19:28:26
527,Richard,Wright,richard.wright527@aol.com,+1-543-376-5375,San Antonio,IN,95766,New,2024-06-26 11:41:27
528,Cynthia,Roberts,cynthia.roberts528@hotmail.com,+1-732-445-3947,Portland,NM,11386,Regular,2024-11-11 03:52:17
529,David,Smith,david.smith529@yahoo.com,+1-901-556-6759,Charlotte,MD,43016,Regular,2022-10-27 22:31:36
530,Patricia,Flores,patricia.flores530@hotmail.com,+1-813-753-2995,San Diego,PA,89257,New,2022-07-21 19:17:36
531,Larry,Lopez,larry.lopez531@outlook.com,+1-459-401-8650,Phoenix,UT,46226,VIP,2023-10-26 07:05:41
532,Steven,Hernandez,steven.hernandez532@gmail.com,+1-591-497-6450,Houston,IN,44690,New,2022-10-04 09:41:31
533,David,Young,david.young533@protonmail.com,+1-382-760-9061,San Antonio,MI,80861,Premium,2023-11-01 22:17:55
534,Brandon,Adams,brandon.adams534@aol.com,+1-305-135-2194,Phoenix,NE,42846,Regular,2023-11-24 15:41:16
535,Amy,Martinez,amy.martinez535@protonmail.com,+1-472-255-6403,Albuquerque,NE,10485,New,2024-03-11 14:52:15
536,Kathleen,Ramirez,kathleen.ramirez536@yahoo.com,+1-753-331-1054,Milwaukee,IA,25886,VIP,2024-05-31 04:23:05
537,Kevin,Baker,kevin.baker537@gmail.com,+1-847-762-2485,Baltimore,KS,54572,New,2022-05-05 23:38:46
538,Donna,Adams,donna.adams538@gmail.com,+1-593-776-4129,Nashville,LA,23994,VIP,2024-09-06 15:06:28
539,Gary,Garcia,gary.garcia539@hotmail.com,+1-343-136-4163,Los Angeles,HI,41258,New,2024-01-30 23:54:41
540,David,Wright,david.wright540@mail.com,+1-216-137-6558,Houston,MN,15611,Regular,2023-09-22 22:25:43
541,Margaret,Adams,margaret.adams541@outlook.com,+1-958-693-4817,Phoenix,NY,28558,Regular,2024-01-30 11:18:57
542,Jacob,Flores,jacob.flores542@outlook.com,+1-214-276-1818,Nashville,OH,69793,Premium,2024-08-07 12:09:10
543,Emma,Jones,emma.jones543@mail.com,+1-809-918-4613,Phoenix,WA,65864,New,2023-06-09 01:03:45
544,Carol,Davis,carol.davis544@hotmail.com,+1-982-146-3841,Memphis,IL,25826,Premium,2023-03-02 11:29:04
545,Rebecca,Hernandez,rebecca.hernandez545@outlook.com,+1-649-349-1666,Dallas,OH,92863,New,2024-08-09 09:28:27
546,Charles,Johnson,charles.johnson546@gmail.com,+1-207-283-2460,Tampa,MD,64555,New,2024-12-13 07:41:07
547,Thomas,Wilson,thomas.wilson547@aol.com,+1-735-561-7750,Indianapolis,VA,90024,Regular,2024-12-10 11:27:35
548,Scott,Lopez,scott.lopez548@yahoo.com,+1-842-946-5934,Louisville,OR,10599,Premium,2024-05-16 08:57:03
549,Matthew,Davis,matthew.davis549@icloud.com,+1-979-652-9315,Charlotte,UT,92111,Premium,2024-10-21 05:29:53
550,Emily,Brown,emily.brown550@outlook.com,+1-901-964-8772,Atlanta,VA,30940,Regular,2024-11-07 00:43:41
551,Michael,Adams,michael.adams551@hotmail.com,+1-645-357-6477,Bakersfield,UT,15677,Regular,2022-06-12 05:06:02
552,Jonathan,Lopez,jonathan.lopez552@mail.com,+1-727-218-2160,Indianapolis,CT,87687,VIP,2024-06-19 15:05:08
553,Rebecca,Gonzalez,rebecca.gonzalez553@yahoo.com,+1-533-333-2606,Indianapolis,OR,36208,Premium,2023-08-07 08:51:43
554,Barbara,Walker,barbara.walker554@protonmail.com,+1-348-321-8454,Jacksonville,LA,58953,New,2022-07-31 21:31:57
555,Matthew,Green,matthew.green555@hotmail.com,+1-543-230-1525,Tulsa,FL,46779,Regular,2022-08-01 01:08:41
556,Cynthia,Robinson,cynthia.robinson556@icloud.com,+1-425-402-3568,Bakersfield,NJ,85775,Premium,2024-05-08 16:13:25
557,Elizabeth,Clark,elizabeth.clark557@mail.com,+1-673-385-1237,Fresno,TN,42483,New,2023-05-24 10:28:38
558,Justin,Anderson,justin.anderson558@gmail.com,+1-627-145-1656,Kansas City,AR,14406,New,2023-10-24 07:09:30
559,Kathleen,Hall,kathleen.hall559@mail.com,+1-446-185-1203,Tucson,AZ,27394,VIP,2023-07-11 18:19:56
560,Donald,Adams,donald.adams560@mail.com,+1-885-412-3650,Mesa,NE,86501,New,2022-02-07 22:12:00
561,Cynthia,Roberts,cynthia.roberts561@protonmail.com,+1-389-908-7068,Mesa,CA,92222,New,2022-04-20 19:50:04
562,Kevin,King,kevin.king562@protonmail.com,+1-970-376-9887,Tulsa,AZ,99740,VIP,2022-05-06 18:22:18
563,Linda,Allen,linda.allen563@yahoo.com,+1-592-474-8624,Bakersfield,NY,57916,Premium,2023-07-24 05:36:44
564,Brenda,Rivera,brenda.rivera564@hotmail.com,+1-341-442-4909,Miami,GA,95070,Premium,2024-01-14 07:31:45
565,Mark,Lee,mark.lee565@protonmail.com,+1-483-155-2038,Baltimore,SC,69298,Regular,2024-01-26 07:51:10
566,Jacob,Rivera,jacob.rivera566@icloud.com,+1-889-809-2075,Fort Worth,UT,21443,New,2022-05-05 12:58:09
567,Daniel,Jackson,daniel.jackson567@outlook.com,+1-482-214-3424,Atlanta,MI,36772,Regular,2024-03-19 20:38:31
568,Donna,Clark,donna.clark568@icloud.com,+1-630-554-1351,Denver,WA,18250,Premium,2022-02-04 05:35:04
569,Eric,Adams,eric.adams569@icloud.com,+1-871-761-6346,Atlanta,HI,97274,New,2024-12-18 12:57:26
570,Ryan,Martin,ryan.martin570@outlook.com,+1-466-332-8933,Baltimore,MD,16202,VIP,2022-08-19 10:27:14
571,Paul,Robinson,paul.robinson571@outlook.com,+1-928-648-5673,Jacksonville,VA,97340,Premium,2022-08-27 10:19:41
572,Donald,Davis,donald.davis572@outlook.com,+1-651-366-7056,Jacksonville,AZ,83726,VIP,2022-02-23 21:18:10
573,Brian,Martinez,brian.martinez573@outlook.com,+1-746-408-2990,Los Angeles,KY,75459,New,2022-08-14 20:18:14
574,Kenneth,Martinez,kenneth.martinez574@icloud.com,+1-862-822-5842,Kansas City,MD,85199,Premium,2024-11-01 23:22:36
575,Larry,Campbell,larry.campbell575@yahoo.com,+1-949-590-1656,Dallas,NM,25319,Regular,2023-04-24 14:08:13
576,Stephanie,Flores,stephanie.flores576@icloud.com,+1-294-434-1901,Aurora,WA,86471,Premium,2024-03-28 18:52:34
577,Emily,Gonzalez,emily.gonzalez577@mail.com,+1-893-787-2431,Omaha,KY,35486,VIP,2024-02-01 21:52:26
578,Nicole,Hill,nicole.hill578@icloud.com,+1-607-251-8006,Baltimore,LA,58867,VIP,2022-01-19 22:30:20
579,Brian,Thompson,brian.thompson579@yahoo.com,+1-420-845-8278,Tucson,CT,47831,New,2022-09-12 10:32:47
580,Rebecca,Rodriguez,rebecca.rodriguez580@hotmail.com,+1-510-586-9606,Memphis,IL,87421,Regular,2023-08-07 17:48:39
581,James,Clark,james.clark581@outlook.com,+1-769-573-3243,Fort Worth,VA,60039,New,2023-03-26 15:58:08
582,Jennifer,Martin,jennifer.martin582@mail.com,+1-429-127-1040,San Jose,IN,49343,New,2024-09-22 01:37:44
583,Jessica,Adams,jessica.adams583@outlook.com,+1-703-804-5009,Los Angeles,GA,46335,Regular,2024-02-05 22:14:40
584,Scott,Mitchell,scott.mitchell584@mail.com,+1-779-546-5225,Kansas City,GA,58916,Regular,2024-03-07 04:20:57
585,Kimberly,Hernandez,kimberly.hernandez585@icloud.com,+1-672-999-3219,Louisville,NJ,16932,VIP,2023-02-28 13:53:15
586,Rebecca,Green,rebecca.green586@aol.com,+1-498-642-2258,Omaha,WA,92317,Regular,2022-10-12 15:57:42
587,Scott,Carter,scott.carter587@icloud.com,+1-523-946-5932,Seattle,AL,22561,VIP,2024-04-10 04:38:01
588,Christopher,Smith,christopher.smith588@aol.com,+1-581-897-8944,Tucson,MN,31368,Premium,2022-06-09 02:24:52
589,Karen,Allen,karen.allen589@yahoo.com,+1-627-571-2251,San Diego,NC,12277,VIP,2024-01-15 21:44:07
590,Michelle,Hall,michelle.hall590@mail.com,+1-811-635-6604,Jacksonville,WI,13769,Premium,2022-07-04 05:36:45
591,Thomas,Hall,thomas.hall591@hotmail.com,+1-514-228-4438,Dallas,PA,65680,Regular,2024-12-09 03:34:00
592,Barbara,Johnson,barbara.johnson592@gmail.com,+1-401-210-1537,Omaha,HI,17768,Regular,2023-12-30 16:39:26
593,Steven,Williams,steven.williams593@gmail.com,+1-972-198-3028,Aurora,AZ,87018,Premium,2022-11-07 17:27:04
594,Brian,Johnson,brian.johnson594@aol.com,+1-793-456-6770,Austin,AR,90341,Regular,2023-01-11 15:47:49
595,Richard,Nguyen,richard.nguyen595@hotmail.com,+1-932-296-5617,Austin,KS,10567,Premium,2022-06-03 07:16:12
596,Nicholas,Rivera,nicholas.rivera596@outlook.com,+1-650-789-2758,Jacksonville,SC,59756,Premium,2023-10-21 19:17:24
597,Angela,Anderson,angela.anderson597@icloud.com,+1-326-577-2807,Raleigh,NC,74987,VIP,2023-07-16 04:23:35
598,Brenda,Campbell,brenda.campbell598@icloud.com,+1-705-218-7304,Denver,UT,88694,New,2023-04-30 16:27:38
599,Mark,Scott,mark.scott599@protonmail.com,+1-393-977-2140,Kansas City,AL,33500,New,2022-01-20 20:41:26
600,Susan,Sanchez,susan.sanchez600@yahoo.com,+1-322-246-7468,Albuquerque,HI,23332,Regular,2022-09-20 02:27:26
