payment_id,order_id,payment_method,amount,payment_date,status
1,1,google_pay,10256.43,2023-08-22 08:56:04,completed
2,2,gift_card,2007.35,2023-08-05 19:06:39,refunded
3,2,paypal,3017.95,2023-08-05 18:57:39,failed
4,3,debit_card,4584.33,2023-01-15 15:32:39,refunded
5,3,credit_card,2507.15,2023-01-15 15:44:39,failed
6,4,google_pay,5646.74,2023-02-04 12:41:57,completed
7,5,gift_card,5189.89,2024-05-27 14:28:23,completed
8,6,credit_card,3602.3,2023-01-25 07:38:16,completed
9,6,paypal,3589.13,2023-01-25 07:44:16,completed
10,7,bank_transfer,5167.38,2024-12-07 20:44:10,completed
11,7,debit_card,9419.36,2024-12-07 20:52:10,completed
12,8,paypal,5755.73,2024-09-21 08:59:13,completed
13,9,gift_card,4164.41,2023-09-22 20:29:50,completed
14,10,apple_pay,12518.62,2024-08-30 21:10:27,completed
15,11,apple_pay,3130.68,2024-03-05 18:17:02,completed
16,12,bank_transfer,5846.95,2023-12-27 00:34:48,completed
17,12,apple_pay,4302.55,2023-12-27 00:37:48,completed
18,13,paypal,5491.87,2023-10-24 03:59:48,completed
19,14,credit_card,10485.6,2024-12-06 01:38:21,completed
20,15,paypal,9242.04,2023-07-14 03:44:53,completed
21,16,gift_card,10312.02,2024-03-19 14:40:06,completed
22,17,credit_card,713.17,2023-07-28 18:15:49,completed
23,18,apple_pay,1189.13,2023-08-27 09:14:25,completed
24,19,bank_transfer,949.77,2024-10-20 08:21:21,completed
25,20,gift_card,5435.38,2023-12-08 16:54:12,completed
26,21,apple_pay,12700.3,2024-01-09 00:20:27,completed
27,22,paypal,14219.29,2023-02-15 12:28:01,completed
28,23,credit_card,1883.99,2024-11-27 18:14:02,completed
29,24,apple_pay,4364.26,2023-12-09 02:38:15,completed
30,25,credit_card,2142.75,2024-11-06 01:00:58,completed
31,26,apple_pay,6090.52,2023-04-25 03:19:51,refunded
32,27,credit_card,2518.75,2023-03-30 21:55:18,completed
33,28,google_pay,1916.74,2024-10-30 10:45:33,completed
34,29,bank_transfer,3506.1,2024-03-05 21:05:03,completed
35,30,paypal,6811.0,2023-07-19 23:07:26,completed
36,31,debit_card,5544.7,2024-07-11 22:44:32,completed
37,32,gift_card,7008.28,2023-03-26 19:21:17,completed
38,33,gift_card,16667.2,2024-02-01 22:27:33,completed
39,34,credit_card,5800.89,2024-03-19 00:49:27,completed
40,35,apple_pay,330.57,2024-05-13 14:00:29,completed
41,35,paypal,636.19,2024-05-13 14:08:29,completed
42,36,paypal,1636.86,2023-01-20 04:33:26,completed
43,37,apple_pay,11394.09,2023-11-14 01:06:07,failed
44,38,paypal,1533.18,2023-08-17 09:45:56,completed
45,39,debit_card,1817.82,2023-02-04 15:38:05,completed
46,40,credit_card,8941.61,2023-03-24 12:52:35,completed
47,41,paypal,4579.07,2024-07-09 22:52:55,completed
48,41,apple_pay,2037.59,2024-07-09 22:56:55,completed
49,42,debit_card,3104.6,2023-10-22 06:32:01,completed
50,43,gift_card,5086.34,2023-10-24 00:33:34,completed
51,44,paypal,1929.02,2024-12-27 15:40:01,completed
52,44,credit_card,1556.09,2024-12-27 15:33:01,completed
53,45,debit_card,4134.9,2024-07-23 09:34:41,completed
54,46,debit_card,2632.41,2024-05-27 01:10:12,completed
55,47,apple_pay,10165.03,2023-07-29 02:31:46,completed
56,48,apple_pay,4727.74,2023-09-13 07:09:23,completed
57,49,bank_transfer,6452.81,2023-12-21 01:23:21,completed
58,50,bank_transfer,3554.26,2023-12-12 16:30:26,completed
59,51,bank_transfer,12905.64,2023-03-03 22:11:50,completed
60,52,debit_card,12231.25,2024-05-22 11:33:09,completed
61,53,gift_card,3461.91,2024-09-02 18:20:17,completed
62,54,google_pay,8895.83,2023-07-10 07:05:08,completed
63,55,paypal,5441.73,2024-06-01 06:07:30,completed
64,56,paypal,16349.98,2023-09-23 08:09:35,completed
65,57,gift_card,6271.94,2023-11-24 00:51:47,completed
66,57,paypal,4490.45,2023-11-24 00:49:47,completed
67,58,apple_pay,8854.15,2024-01-19 21:30:36,completed
68,59,paypal,1219.67,2024-11-11 17:37:10,completed
69,59,debit_card,1237.43,2024-11-11 17:51:10,completed
70,60,google_pay,2357.72,2023-11-22 04:09:48,completed
71,60,google_pay,1073.52,2023-11-22 04:14:48,completed
72,61,gift_card,13285.68,2023-04-09 05:03:42,refunded
73,62,gift_card,10647.52,2024-06-20 00:17:01,completed
74,63,debit_card,7774.89,2024-02-04 23:08:38,refunded
75,64,google_pay,7446.89,2023-10-03 06:06:38,completed
76,65,credit_card,12625.1,2023-04-03 11:25:24,completed
77,66,google_pay,1866.85,2024-07-14 22:37:11,completed
78,67,bank_transfer,11257.31,2024-12-08 08:52:52,completed
79,68,debit_card,6352.45,2023-08-13 17:18:39,completed
80,69,apple_pay,7012.55,2024-07-16 03:06:05,completed
81,70,apple_pay,1884.79,2024-11-26 15:40:43,completed
82,71,bank_transfer,2856.01,2023-10-22 16:10:17,completed
83,71,google_pay,4276.39,2023-10-22 16:03:17,completed
84,72,paypal,3863.12,2024-07-15 05:29:41,completed
85,72,google_pay,1943.83,2024-07-15 05:05:41,completed
86,73,apple_pay,1333.8,2023-08-19 23:53:42,completed
87,74,apple_pay,5956.47,2024-02-07 02:23:38,refunded
88,75,credit_card,6086.74,2023-09-08 17:30:46,completed
89,75,paypal,8912.52,2023-09-08 17:54:46,completed
90,76,gift_card,3560.97,2023-02-02 14:09:51,completed
91,76,credit_card,2012.16,2023-02-02 13:49:51,completed
92,77,bank_transfer,7426.44,2024-02-08 06:08:38,completed
93,78,debit_card,5623.55,2023-09-27 19:28:29,completed
94,79,credit_card,3179.1,2023-08-01 16:56:21,completed
95,79,bank_transfer,2091.43,2023-08-01 16:55:21,completed
96,80,credit_card,1735.2,2023-08-13 02:22:05,failed
97,81,paypal,9708.09,2024-12-19 02:23:28,completed
98,82,debit_card,322.03,2023-03-16 13:56:21,completed
99,83,credit_card,8154.58,2024-04-09 19:30:36,refunded
100,84,google_pay,10320.25,2024-01-15 08:33:00,completed
101,85,debit_card,7105.18,2023-06-07 19:29:17,completed
102,86,apple_pay,2733.27,2024-02-09 14:39:57,completed
103,86,google_pay,3919.95,2024-02-09 14:09:57,completed
104,87,apple_pay,5012.12,2024-12-14 01:15:14,completed
105,88,paypal,8291.32,2024-11-21 10:19:10,completed
106,89,apple_pay,13423.1,2024-11-02 12:05:57,completed
107,90,paypal,4541.64,2023-10-02 18:01:25,completed
108,91,gift_card,3625.76,2023-09-12 02:01:44,completed
109,91,debit_card,3648.98,2023-09-12 01:56:44,completed
110,92,gift_card,6234.01,2023-12-19 05:26:57,completed
111,93,debit_card,15565.87,2024-11-24 01:50:54,refunded
112,94,google_pay,13064.24,2024-12-25 04:41:57,completed
113,95,credit_card,4463.67,2024-10-15 13:27:41,completed
114,96,google_pay,2214.73,2023-07-11 00:33:51,completed
115,97,apple_pay,1908.9,2024-06-07 00:50:34,completed
116,98,credit_card,6328.45,2024-01-12 08:22:05,completed
117,99,bank_transfer,1549.72,2023-04-13 09:08:46,completed
118,99,credit_card,1821.13,2023-04-13 08:51:46,completed
119,100,gift_card,11563.14,2024-10-27 18:42:38,completed
120,101,gift_card,978.75,2023-12-04 08:41:20,completed
121,101,apple_pay,841.09,2023-12-04 08:24:20,completed
122,102,bank_transfer,2833.77,2023-01-31 03:57:18,completed
123,103,apple_pay,2312.7,2024-05-05 03:17:03,completed
124,103,google_pay,2063.3,2024-05-05 03:41:03,completed
125,104,paypal,11794.5,2024-02-17 00:30:44,completed
126,105,paypal,2181.77,2024-10-15 00:15:55,completed
127,106,debit_card,3387.38,2024-01-16 18:30:59,completed
128,106,gift_card,6625.21,2024-01-16 18:33:59,completed
129,107,credit_card,11019.58,2024-02-27 01:57:30,completed
130,108,google_pay,12774.6,2023-03-29 06:53:49,completed
131,109,gift_card,470.9,2023-12-14 08:06:26,completed
132,110,apple_pay,6169.54,2023-05-17 21:11:08,completed
133,111,credit_card,4838.29,2023-09-27 23:25:03,completed
134,112,apple_pay,1129.98,2024-10-14 13:51:14,completed
135,113,google_pay,1831.53,2024-06-17 19:31:43,completed
136,114,bank_transfer,10470.29,2024-01-30 04:19:03,completed
137,115,debit_card,4179.92,2024-03-12 17:23:09,completed
138,116,paypal,485.04,2023-11-16 09:59:56,completed
139,116,bank_transfer,295.14,2023-11-16 10:18:56,completed
140,117,apple_pay,7407.52,2023-11-06 16:42:29,completed
141,118,credit_card,9840.98,2024-01-13 02:59:35,completed
142,119,gift_card,14025.37,2023-08-28 15:38:19,completed
143,120,apple_pay,21739.02,2024-11-11 02:50:36,completed
144,121,paypal,1999.44,2024-04-21 09:17:52,completed
145,122,credit_card,12753.51,2023-01-16 11:46:02,completed
146,123,gift_card,11384.59,2023-03-12 02:34:56,completed
147,124,paypal,4671.81,2024-08-18 15:17:18,completed
148,125,debit_card,3994.54,2024-02-07 21:18:05,completed
149,126,credit_card,7053.32,2024-10-13 00:22:50,completed
150,127,debit_card,7980.21,2024-09-14 09:02:32,completed
151,128,google_pay,1927.67,2023-11-18 02:27:47,completed
152,129,debit_card,1009.34,2023-01-29 00:34:10,completed
153,130,bank_transfer,15676.62,2023-11-06 03:03:27,completed
154,131,paypal,7606.11,2023-08-08 21:47:29,completed
155,132,apple_pay,15707.21,2023-01-27 06:32:04,completed
156,133,debit_card,9229.21,2024-05-23 23:43:45,completed
157,134,debit_card,13912.73,2023-03-01 10:35:05,completed
158,135,bank_transfer,2132.28,2023-01-12 11:14:24,completed
159,136,credit_card,9036.41,2024-07-25 14:00:27,completed
160,137,apple_pay,62.21,2024-10-07 19:53:22,completed
161,138,apple_pay,7568.95,2023-11-27 06:06:15,completed
162,139,bank_transfer,13449.38,2023-08-01 20:58:26,completed
163,140,debit_card,650.4,2024-05-24 14:23:17,completed
164,141,gift_card,13685.94,2023-11-30 15:28:17,completed
165,142,google_pay,3265.67,2023-08-05 09:18:44,completed
166,143,credit_card,144.31,2023-01-14 09:15:53,completed
167,144,credit_card,1106.05,2024-08-15 10:06:56,completed
168,144,google_pay,2123.09,2024-08-15 09:55:56,completed
169,145,credit_card,11775.86,2023-06-24 01:40:49,completed
170,146,google_pay,7018.5,2024-08-22 00:46:04,completed
171,147,bank_transfer,8025.31,2024-03-13 10:44:16,completed
172,148,gift_card,4340.34,2023-04-22 16:43:25,completed
173,149,paypal,9692.26,2024-03-11 16:05:43,completed
174,150,gift_card,18086.11,2023-03-07 04:15:00,completed
175,151,bank_transfer,7559.64,2024-07-15 14:50:03,completed
176,152,apple_pay,9021.68,2024-08-19 01:44:51,completed
177,153,credit_card,11567.84,2024-07-29 04:10:40,completed
178,154,paypal,1494.0,2023-09-07 16:24:53,completed
179,155,google_pay,3092.11,2023-07-28 06:35:59,completed
180,156,gift_card,3564.94,2024-01-24 05:42:08,completed
181,157,google_pay,6220.69,2023-12-25 08:40:52,completed
182,158,google_pay,1387.62,2023-11-27 15:48:39,completed
183,158,google_pay,3045.52,2023-11-27 16:06:39,completed
184,159,credit_card,5149.29,2024-08-10 21:24:27,completed
185,159,google_pay,5694.22,2024-08-10 21:35:27,completed
186,160,google_pay,10914.59,2023-06-03 07:59:56,completed
187,161,debit_card,3828.88,2024-11-18 19:47:09,completed
188,162,bank_transfer,1552.59,2024-01-14 10:42:34,completed
189,163,debit_card,4808.86,2023-01-08 04:45:29,completed
190,163,google_pay,7881.03,2023-01-08 04:43:29,completed
191,164,apple_pay,2349.86,2024-07-13 05:09:36,failed
192,165,google_pay,10098.17,2023-09-08 09:44:47,completed
193,166,google_pay,8036.42,2024-05-20 01:13:33,completed
194,167,paypal,4090.44,2024-06-16 02:12:14,completed
195,168,debit_card,774.47,2024-04-14 13:12:41,completed
196,169,debit_card,25469.09,2024-12-28 04:04:46,completed
197,170,bank_transfer,374.47,2024-02-12 07:30:22,completed
198,170,bank_transfer,647.0,2024-02-12 07:22:22,completed
199,171,gift_card,8771.9,2023-09-04 18:17:02,completed
200,172,debit_card,4439.71,2023-02-22 01:51:55,completed
201,172,debit_card,2276.29,2023-02-22 02:15:55,completed
202,173,google_pay,774.57,2024-06-28 20:31:54,completed
203,173,debit_card,1738.23,2024-06-28 20:26:54,completed
204,174,bank_transfer,16447.6,2023-12-23 05:35:14,completed
205,175,debit_card,1941.84,2024-04-06 17:55:03,completed
206,176,credit_card,15231.18,2024-11-17 03:21:37,completed
207,177,gift_card,5022.79,2023-08-02 06:57:13,completed
208,177,credit_card,4856.1,2023-08-02 06:51:13,completed
209,178,credit_card,505.44,2024-07-20 11:59:05,completed
210,178,google_pay,948.46,2024-07-20 11:34:05,completed
211,179,credit_card,6055.01,2024-03-11 20:47:28,completed
212,180,bank_transfer,1597.6,2024-04-05 08:23:38,completed
213,181,debit_card,2689.83,2023-05-19 13:05:25,completed
214,182,apple_pay,5374.5,2024-09-10 23:29:12,completed
215,182,gift_card,5422.25,2024-09-10 23:23:12,completed
216,183,gift_card,18063.58,2024-03-23 03:34:00,completed
217,184,bank_transfer,4257.0,2023-06-12 14:14:35,completed
218,185,credit_card,8853.37,2023-03-12 22:42:07,failed
219,186,paypal,2434.73,2023-05-09 01:12:14,completed
220,187,gift_card,6088.77,2023-03-02 10:56:45,refunded
221,188,apple_pay,3182.92,2024-02-02 11:27:38,completed
222,189,apple_pay,10544.31,2023-09-12 01:39:15,completed
223,190,credit_card,14970.04,2024-03-11 01:54:43,completed
224,191,gift_card,164.12,2023-10-03 18:23:25,completed
225,192,bank_transfer,12901.74,2023-03-02 18:16:50,failed
226,193,credit_card,5323.35,2024-05-07 06:46:36,completed
227,194,gift_card,6471.09,2024-03-11 08:58:49,completed
228,195,credit_card,10056.37,2024-03-09 08:34:16,refunded
229,196,credit_card,1731.0,2023-01-20 15:37:35,failed
230,197,bank_transfer,22464.01,2024-07-19 20:38:57,completed
231,198,paypal,5049.47,2023-10-18 15:58:10,completed
232,199,google_pay,3640.65,2023-12-10 09:46:44,completed
233,200,debit_card,270.72,2024-03-31 07:39:38,completed
234,201,bank_transfer,1764.35,2024-12-12 08:04:54,completed
235,202,bank_transfer,10970.66,2023-01-27 01:54:38,completed
236,203,gift_card,88.93,2023-02-04 02:50:45,completed
237,203,paypal,110.81,2023-02-04 02:47:45,completed
238,204,apple_pay,12398.87,2024-04-30 15:54:07,completed
239,205,google_pay,3503.04,2024-04-16 22:28:59,completed
240,206,paypal,10778.97,2024-01-03 17:59:05,completed
241,207,paypal,8574.98,2023-10-15 01:21:37,completed
242,208,debit_card,26260.75,2024-11-07 11:26:56,failed
243,209,credit_card,4688.94,2024-10-09 20:11:16,completed
244,210,bank_transfer,1256.0,2024-05-10 03:44:14,completed
245,211,debit_card,6911.64,2024-10-28 09:05:03,completed
246,212,credit_card,6266.05,2023-09-16 09:53:29,completed
247,213,debit_card,957.11,2024-12-04 12:04:58,completed
248,214,google_pay,8980.65,2023-01-12 00:42:13,failed
249,215,credit_card,9225.94,2024-10-12 16:28:14,completed
250,216,credit_card,5076.34,2023-05-30 20:43:39,completed
251,216,paypal,2658.76,2023-05-30 20:55:39,completed
252,217,apple_pay,3454.03,2023-03-07 05:21:24,completed
253,218,debit_card,5275.57,2024-04-17 16:08:11,completed
254,219,paypal,11847.05,2024-05-08 11:40:41,completed
255,220,apple_pay,61.2,2023-08-01 15:30:53,completed
256,221,debit_card,5397.16,2023-12-29 04:34:20,completed
257,222,credit_card,793.01,2024-12-23 14:01:34,completed
258,223,credit_card,84.19,2023-05-22 18:22:52,completed
259,223,google_pay,167.21,2023-05-22 18:27:52,completed
260,224,bank_transfer,1333.68,2024-04-04 04:23:26,completed
261,225,credit_card,8233.41,2024-09-04 15:42:02,completed
262,226,bank_transfer,1422.21,2023-03-05 04:04:28,refunded
263,227,paypal,1591.44,2024-10-12 09:13:30,completed
264,228,paypal,5901.21,2023-08-30 03:54:54,completed
265,229,apple_pay,9585.96,2023-08-05 17:12:16,completed
266,230,google_pay,1979.64,2023-06-25 12:26:24,completed
267,230,debit_card,4351.51,2023-06-25 12:17:24,completed
268,231,credit_card,4983.77,2023-05-18 13:36:30,completed
269,231,debit_card,5606.74,2023-05-18 13:38:30,completed
270,232,debit_card,14675.63,2023-07-25 12:01:44,completed
271,233,credit_card,10173.15,2023-10-10 10:15:28,completed
272,234,debit_card,11165.79,2023-01-29 13:30:01,refunded
273,235,google_pay,538.19,2024-02-22 20:13:31,completed
274,236,bank_transfer,543.03,2024-05-16 19:26:41,completed
275,237,credit_card,828.57,2023-09-23 19:05:09,completed
276,238,google_pay,1332.65,2024-02-03 16:13:31,completed
277,238,paypal,1038.85,2024-02-03 16:27:31,completed
278,239,gift_card,5342.61,2023-12-30 06:33:23,completed
279,239,debit_card,3649.09,2023-12-30 06:30:23,completed
280,240,bank_transfer,4951.78,2024-05-26 09:01:04,completed
281,241,paypal,7736.19,2023-12-29 22:54:46,completed
282,242,credit_card,5896.51,2023-10-21 13:31:21,completed
283,243,bank_transfer,2078.58,2024-06-28 17:16:40,completed
284,244,apple_pay,2054.3,2023-05-04 07:28:25,completed
285,245,apple_pay,2036.23,2024-05-18 05:36:58,failed
286,246,credit_card,8946.99,2023-08-26 21:24:29,completed
287,247,debit_card,4065.54,2023-12-08 00:03:55,completed
288,248,gift_card,1553.31,2024-06-23 10:46:21,completed
289,248,debit_card,1555.24,2024-06-23 10:43:21,completed
290,249,apple_pay,17885.21,2024-10-09 21:00:02,completed
291,250,debit_card,1447.73,2024-01-10 19:47:31,completed
292,251,apple_pay,17335.49,2024-12-22 14:03:12,refunded
293,252,debit_card,4300.85,2023-11-27 19:48:37,completed
294,253,gift_card,5806.19,2023-05-08 09:59:56,completed
295,254,apple_pay,2944.79,2023-06-04 04:02:08,completed
296,254,debit_card,2205.65,2023-06-04 03:57:08,completed
297,255,google_pay,13211.35,2024-05-30 06:47:31,completed
298,256,bank_transfer,7175.35,2023-08-29 05:42:35,completed
299,257,paypal,5767.11,2023-12-23 08:01:23,completed
300,258,apple_pay,7418.53,2024-05-26 14:11:15,completed
301,259,debit_card,4822.15,2023-08-27 21:36:51,completed
302,260,google_pay,5601.72,2023-12-06 01:55:39,completed
303,261,apple_pay,9477.39,2024-06-15 20:55:10,completed
304,262,google_pay,21224.46,2024-01-06 18:48:19,completed
305,263,gift_card,1410.78,2024-03-03 01:50:24,completed
306,264,apple_pay,1028.22,2024-06-03 05:03:57,completed
307,265,google_pay,5589.96,2024-08-15 17:05:52,refunded
308,266,credit_card,320.65,2023-09-05 06:35:56,completed
309,266,credit_card,516.4,2023-09-05 06:48:56,completed
310,267,google_pay,784.6,2024-08-23 14:56:09,completed
311,268,debit_card,7267.78,2024-04-08 16:03:49,completed
312,269,gift_card,6001.89,2024-01-15 06:52:44,completed
313,269,paypal,8110.81,2024-01-15 06:50:44,completed
314,270,bank_transfer,2470.27,2024-11-18 21:01:33,completed
315,270,apple_pay,1713.62,2024-11-18 20:57:33,completed
316,271,credit_card,635.12,2023-10-09 10:23:48,completed
317,272,gift_card,4127.1,2024-12-11 09:28:07,completed
318,273,paypal,6557.97,2024-01-24 08:37:15,completed
319,274,paypal,5539.75,2023-12-05 05:15:21,completed
320,275,google_pay,1518.54,2023-11-27 16:06:03,completed
321,276,apple_pay,2574.9,2024-06-08 12:00:59,completed
322,277,gift_card,2513.04,2023-11-24 14:01:43,completed
323,278,credit_card,13975.71,2024-10-10 00:05:15,completed
324,279,bank_transfer,2118.48,2024-06-16 21:17:24,completed
325,280,gift_card,14283.9,2023-05-05 23:36:27,completed
326,281,credit_card,7991.12,2023-01-10 00:36:41,completed
327,282,debit_card,4182.3,2024-08-22 03:40:10,completed
328,283,paypal,4311.94,2024-07-30 09:12:39,completed
329,283,paypal,3286.51,2024-07-30 09:12:39,completed
330,284,paypal,8265.6,2023-10-17 14:48:03,completed
331,285,google_pay,19514.32,2023-10-11 10:26:00,completed
332,286,credit_card,14470.64,2024-02-18 00:35:23,completed
333,287,google_pay,2774.12,2023-01-06 09:57:58,completed
334,288,credit_card,2363.65,2024-02-04 22:55:44,completed
335,289,paypal,15632.54,2023-02-07 17:20:05,completed
336,290,paypal,13041.26,2024-11-05 02:47:02,completed
337,291,credit_card,7458.96,2024-11-21 16:07:15,completed
338,292,credit_card,9424.67,2023-11-27 15:51:13,completed
339,293,paypal,11446.11,2024-02-26 14:29:55,completed
340,294,bank_transfer,4317.64,2023-11-20 23:15:58,completed
341,295,bank_transfer,4081.98,2024-05-09 00:25:36,completed
342,296,credit_card,264.25,2024-07-22 12:36:07,completed
343,297,google_pay,8018.38,2023-05-17 02:44:31,completed
344,297,google_pay,9390.96,2023-05-17 02:58:31,completed
345,298,debit_card,15950.05,2024-07-18 13:09:57,completed
346,299,bank_transfer,1161.41,2024-11-24 09:32:42,completed
347,300,google_pay,6571.12,2024-12-14 16:07:35,completed
348,301,debit_card,3811.2,2023-03-01 10:47:13,completed
349,302,debit_card,7626.71,2024-04-18 07:54:20,completed
350,303,google_pay,6102.57,2024-02-03 04:35:29,completed
351,303,google_pay,6645.94,2024-02-03 04:28:29,completed
352,304,credit_card,7638.98,2024-12-21 08:47:41,completed
353,305,credit_card,5597.72,2023-11-08 06:49:38,completed
354,305,paypal,8041.66,2023-11-08 06:25:38,completed
355,306,debit_card,8569.1,2024-10-12 00:34:35,refunded
356,307,credit_card,279.31,2024-03-19 10:38:23,completed
357,307,gift_card,205.65,2024-03-19 10:33:23,completed
358,308,credit_card,11531.84,2024-02-23 19:18:35,failed
359,309,bank_transfer,3890.52,2023-10-18 16:22:18,completed
360,310,debit_card,20716.91,2023-08-02 11:19:46,completed
361,311,paypal,3685.93,2024-01-25 14:48:48,completed
362,312,gift_card,4478.91,2024-06-10 19:22:05,completed
363,313,google_pay,4387.54,2023-06-10 22:04:04,completed
364,314,bank_transfer,5007.1,2023-08-02 10:40:32,completed
365,315,apple_pay,4198.35,2023-06-21 22:26:21,completed
366,316,gift_card,2025.61,2023-02-19 12:13:21,completed
367,317,bank_transfer,6309.81,2024-05-08 01:01:12,completed
368,318,paypal,2768.1,2024-12-23 06:19:00,completed
369,318,paypal,4470.4,2024-12-23 06:12:00,completed
370,319,credit_card,642.96,2023-09-06 07:19:25,completed
371,320,google_pay,4972.32,2023-12-25 19:36:35,failed
372,320,apple_pay,2459.6,2023-12-25 19:42:35,refunded
373,321,credit_card,2479.2,2024-02-18 10:04:46,completed
374,321,debit_card,2609.55,2024-02-18 10:02:46,completed
375,322,apple_pay,8920.17,2023-11-10 00:18:46,completed
376,323,google_pay,836.14,2024-03-12 00:14:12,completed
377,323,gift_card,1852.46,2024-03-11 23:55:12,completed
378,324,debit_card,6054.41,2024-08-04 00:49:01,completed
379,325,gift_card,2714.15,2023-08-15 16:17:32,completed
380,325,bank_transfer,4407.33,2023-08-15 16:16:32,completed
381,326,apple_pay,2012.31,2023-01-23 23:23:24,completed
382,327,google_pay,30999.32,2024-03-14 18:28:29,completed
383,328,gift_card,737.74,2024-03-08 05:08:01,completed
384,329,apple_pay,19830.98,2024-12-16 12:26:13,completed
385,330,credit_card,5806.94,2023-03-17 07:56:05,completed
386,331,google_pay,7366.4,2024-03-19 07:45:29,completed
387,332,paypal,4478.23,2024-03-03 06:20:16,completed
388,332,paypal,3123.35,2024-03-03 06:28:16,completed
389,333,credit_card,9415.1,2024-11-30 10:18:14,completed
390,334,gift_card,9754.49,2024-05-04 13:32:23,completed
391,334,debit_card,7647.69,2024-05-04 13:20:23,completed
392,335,debit_card,3993.64,2024-02-21 00:56:42,completed
393,336,debit_card,1789.87,2024-01-20 08:32:34,completed
394,337,google_pay,12919.2,2023-05-02 22:12:30,failed
395,338,bank_transfer,4221.45,2023-08-13 00:37:40,completed
396,338,apple_pay,1832.32,2023-08-13 00:42:40,completed
397,339,apple_pay,6766.29,2024-05-24 17:10:46,completed
398,340,apple_pay,14030.68,2024-03-26 15:37:32,completed
399,341,bank_transfer,896.25,2023-05-27 17:14:03,completed
400,341,credit_card,548.53,2023-05-27 17:04:03,completed
401,342,credit_card,15015.52,2024-04-18 14:28:41,completed
402,343,paypal,6074.05,2024-07-22 17:07:40,completed
403,344,debit_card,11795.07,2024-04-18 16:43:44,completed
404,345,gift_card,4070.97,2023-10-15 14:51:58,completed
405,345,paypal,8573.08,2023-10-15 15:01:58,completed
406,346,credit_card,4806.3,2024-02-02 04:23:01,refunded
407,347,debit_card,2516.99,2023-10-14 15:51:27,completed
408,348,gift_card,538.76,2024-01-02 17:53:57,failed
409,349,debit_card,12067.9,2023-04-14 01:40:34,completed
410,350,credit_card,12390.0,2024-03-24 16:01:10,completed
411,351,debit_card,2652.15,2023-07-07 21:57:16,completed
412,352,google_pay,6435.61,2024-05-13 04:28:33,completed
413,353,credit_card,15309.83,2023-07-10 05:07:08,completed
414,354,paypal,10922.63,2024-08-04 11:04:31,completed
415,355,google_pay,4469.15,2024-01-01 06:07:06,failed
416,356,paypal,18123.92,2023-07-21 23:21:47,refunded
417,357,debit_card,2999.69,2024-07-09 04:12:14,completed
418,358,apple_pay,2202.42,2023-08-16 13:25:38,completed
419,358,paypal,1111.3,2023-08-16 13:36:38,completed
420,359,google_pay,1666.37,2023-11-07 06:39:15,completed
421,360,paypal,324.18,2024-09-03 15:22:18,completed
422,361,debit_card,4621.56,2024-08-11 17:52:00,completed
423,362,google_pay,6961.09,2023-10-12 16:18:36,completed
424,363,paypal,10881.8,2024-12-10 03:18:47,completed
425,364,credit_card,11274.55,2023-07-25 10:51:51,completed
426,365,credit_card,5576.46,2024-11-29 11:04:55,completed
427,366,apple_pay,3550.0,2023-09-23 23:52:54,completed
428,367,debit_card,465.91,2024-09-03 14:31:51,completed
429,368,gift_card,11325.71,2023-08-02 20:48:41,completed
430,369,gift_card,12239.58,2024-02-10 07:07:15,completed
431,370,apple_pay,8291.69,2024-03-13 17:28:11,completed
432,371,paypal,16445.96,2024-07-10 00:30:46,completed
433,372,gift_card,7378.61,2024-07-07 21:43:10,completed
434,373,apple_pay,2139.69,2024-07-31 16:13:27,completed
435,373,apple_pay,1987.77,2024-07-31 16:40:27,completed
436,374,debit_card,1655.59,2024-04-16 19:46:40,completed
437,375,gift_card,11482.49,2024-05-09 14:29:36,completed
438,376,credit_card,5336.05,2023-08-24 08:03:11,completed
439,377,debit_card,3485.11,2023-10-10 20:44:04,completed
440,378,gift_card,6104.99,2024-04-25 09:55:47,refunded
441,379,debit_card,7169.0,2024-04-01 01:37:51,failed
442,380,credit_card,7600.44,2023-10-18 19:01:27,completed
443,381,paypal,9361.0,2024-11-07 09:23:28,completed
444,382,gift_card,1927.25,2024-11-27 20:33:57,completed
445,383,paypal,10445.38,2023-06-24 15:51:42,completed
446,384,apple_pay,9259.29,2023-08-05 04:39:40,completed
447,385,credit_card,4627.16,2023-10-04 21:54:08,completed
448,385,apple_pay,5812.21,2023-10-04 21:40:08,completed
449,386,google_pay,15934.49,2024-11-28 15:18:37,completed
450,387,apple_pay,10995.99,2024-05-30 22:47:26,completed
451,388,bank_transfer,1144.17,2024-01-30 03:43:45,completed
452,389,gift_card,4199.41,2023-12-13 22:31:23,completed
453,390,bank_transfer,3086.05,2023-07-18 22:13:45,completed
454,391,paypal,2394.42,2023-06-27 08:43:53,completed
455,391,google_pay,4667.07,2023-06-27 08:40:53,completed
456,392,paypal,2341.0,2023-02-01 06:13:36,completed
457,392,credit_card,3913.6,2023-02-01 06:25:36,completed
458,393,gift_card,1056.8,2023-08-04 13:04:16,completed
459,394,apple_pay,16491.0,2024-12-04 20:10:30,refunded
460,395,paypal,10151.48,2023-06-11 08:34:21,completed
461,395,gift_card,9182.87,2023-06-11 08:48:21,completed
462,396,apple_pay,55.08,2023-03-18 08:26:23,completed
463,397,apple_pay,1311.31,2024-09-05 15:55:04,completed
464,398,gift_card,1822.49,2023-04-01 10:31:20,completed
465,399,apple_pay,5936.48,2023-03-19 13:51:18,completed
466,400,debit_card,4252.86,2023-08-21 23:56:39,completed
467,401,debit_card,2317.37,2024-07-13 05:37:37,refunded
468,401,gift_card,1812.82,2024-07-13 05:40:37,refunded
469,402,paypal,3729.55,2023-01-01 09:26:47,completed
470,403,apple_pay,937.44,2024-01-18 15:24:31,completed
471,404,debit_card,10960.43,2024-01-11 09:43:08,completed
472,405,debit_card,3453.53,2024-11-04 15:02:58,completed
473,406,bank_transfer,4679.92,2024-06-10 12:21:03,completed
474,407,google_pay,305.11,2023-03-28 14:27:08,completed
475,408,credit_card,4518.54,2023-01-06 01:51:27,completed
476,408,paypal,2344.7,2023-01-06 01:54:27,completed
477,409,google_pay,192.1,2023-05-07 17:57:47,completed
478,410,debit_card,4460.7,2023-03-15 11:29:29,refunded
479,411,gift_card,3309.14,2024-05-10 11:11:01,completed
480,411,paypal,4318.35,2024-05-10 11:07:01,completed
481,412,google_pay,363.1,2024-08-27 22:04:52,completed
482,412,gift_card,227.04,2024-08-27 22:13:52,completed
483,413,apple_pay,14313.44,2023-08-27 14:46:45,completed
484,414,bank_transfer,2358.56,2024-01-02 12:49:58,completed
485,415,gift_card,4054.74,2024-03-19 12:41:06,completed
486,415,apple_pay,2070.96,2024-03-19 12:36:06,completed
487,416,credit_card,6808.69,2023-05-30 02:10:03,completed
488,417,bank_transfer,1306.1,2024-04-18 22:14:16,completed
489,418,apple_pay,2042.21,2024-01-04 00:14:35,completed
490,419,apple_pay,11132.06,2023-06-27 16:02:00,failed
491,419,paypal,11610.75,2023-06-27 16:05:00,failed
492,420,gift_card,3541.0,2023-10-16 00:29:51,completed
493,421,debit_card,3731.8,2024-10-06 01:59:29,completed
494,421,gift_card,2682.59,2024-10-06 02:25:29,completed
495,422,gift_card,15489.15,2023-11-27 08:16:39,completed
496,423,bank_transfer,19531.28,2024-08-15 01:04:42,failed
497,424,bank_transfer,16994.28,2023-10-02 16:17:16,completed
498,425,bank_transfer,10032.17,2024-08-18 18:52:20,completed
499,426,bank_transfer,3912.55,2024-05-29 06:35:33,completed
500,427,credit_card,1248.48,2023-01-19 09:48:30,completed
501,427,apple_pay,2409.38,2023-01-19 09:50:30,completed
502,428,apple_pay,27806.5,2024-03-09 11:49:40,completed
503,429,apple_pay,3414.96,2024-04-24 16:11:30,completed
504,430,paypal,5731.64,2023-02-27 19:49:05,completed
505,430,google_pay,9939.16,2023-02-27 19:30:05,completed
506,431,credit_card,4706.91,2024-07-14 05:43:06,completed
507,432,google_pay,217.2,2024-06-18 06:25:21,completed
508,433,debit_card,12176.86,2023-08-06 14:49:12,completed
509,434,gift_card,1242.39,2023-03-20 19:01:37,completed
510,434,google_pay,2112.8,2023-03-20 19:11:37,completed
511,435,debit_card,3231.78,2024-02-22 19:31:10,completed
512,435,credit_card,2822.44,2024-02-22 19:11:10,completed
513,436,apple_pay,856.28,2024-01-02 12:32:04,completed
514,437,gift_card,11315.36,2024-08-25 04:10:30,completed
515,438,paypal,9358.67,2024-04-03 02:55:26,completed
516,439,paypal,694.58,2023-03-10 08:57:06,completed
517,440,credit_card,634.18,2024-02-29 13:09:08,completed
518,441,gift_card,5074.93,2024-02-17 11:05:10,completed
519,442,gift_card,8525.13,2024-08-22 17:28:01,completed
520,442,debit_card,9022.75,2024-08-22 17:00:01,completed
521,443,apple_pay,1705.02,2024-12-04 00:26:07,completed
522,444,gift_card,2060.42,2023-09-07 13:19:12,completed
523,445,credit_card,4809.87,2023-09-16 15:47:43,completed
524,445,google_pay,6197.36,2023-09-16 15:56:43,completed
525,446,apple_pay,388.51,2024-04-13 20:25:03,completed
526,447,paypal,11918.41,2023-04-03 14:03:14,completed
527,448,google_pay,6891.16,2024-09-18 02:32:13,completed
528,449,debit_card,3595.09,2023-02-16 19:56:08,failed
529,450,apple_pay,2011.95,2024-03-15 10:31:03,completed
530,451,google_pay,2602.34,2024-11-09 03:39:26,completed
531,452,credit_card,3358.24,2024-03-22 11:38:13,completed
532,452,apple_pay,5276.6,2024-03-22 11:43:13,completed
533,453,paypal,5798.86,2024-03-15 02:24:57,completed
534,454,bank_transfer,3242.62,2023-05-03 21:49:27,completed
535,454,gift_card,1727.75,2023-05-03 21:49:27,completed
536,455,credit_card,19339.09,2024-12-17 12:55:17,completed
537,456,bank_transfer,12328.12,2024-08-18 20:17:55,completed
538,457,bank_transfer,5970.14,2023-12-17 12:45:44,failed
539,458,apple_pay,7211.1,2023-02-26 18:05:57,completed
540,459,credit_card,6189.16,2024-02-14 22:13:04,completed
541,460,credit_card,1321.24,2023-11-08 20:28:11,completed
542,461,paypal,2729.21,2023-01-15 16:01:35,completed
543,462,gift_card,11198.16,2023-04-27 21:44:43,completed
544,463,credit_card,6132.24,2024-06-07 22:45:19,completed
545,464,apple_pay,6838.16,2024-08-21 00:42:41,completed
546,464,bank_transfer,7643.99,2024-08-21 00:41:41,completed
547,465,apple_pay,5069.18,2023-04-29 12:55:33,completed
548,466,bank_transfer,10269.44,2023-08-28 15:05:54,completed
549,467,paypal,6804.55,2024-04-12 12:50:45,failed
550,468,google_pay,4125.66,2024-02-24 12:25:03,completed
551,469,bank_transfer,4048.37,2024-11-07 04:48:27,completed
552,470,paypal,2126.57,2023-06-06 16:12:13,completed
553,470,credit_card,1177.28,2023-06-06 16:25:13,completed
554,471,gift_card,4954.32,2023-06-30 23:33:25,failed
555,472,credit_card,2422.24,2023-01-22 05:45:33,completed
556,473,bank_transfer,7391.15,2024-10-09 22:23:04,refunded
557,474,google_pay,10317.22,2024-11-04 20:04:59,completed
558,475,debit_card,10263.54,2023-02-08 06:19:15,completed
559,476,debit_card,4780.73,2023-06-09 17:25:47,completed
560,477,paypal,3100.65,2023-05-17 00:59:26,completed
561,478,paypal,15749.8,2024-08-10 17:09:53,completed
562,479,google_pay,13657.5,2024-08-05 07:20:46,completed
563,480,credit_card,4387.35,2023-06-13 09:05:16,completed
564,480,debit_card,6482.66,2023-06-13 09:05:16,completed
565,481,paypal,11274.6,2023-07-18 07:00:55,completed
566,482,debit_card,1869.4,2023-01-06 15:30:14,completed
567,483,debit_card,10532.25,2024-10-28 00:59:46,completed
568,484,debit_card,1050.51,2024-10-11 18:10:09,completed
569,485,bank_transfer,11725.46,2024-06-28 16:31:30,completed
570,486,gift_card,145.72,2023-01-13 07:49:57,completed
571,487,google_pay,7121.59,2023-02-05 05:51:55,completed
572,488,paypal,14161.76,2024-03-14 12:45:12,completed
573,489,bank_transfer,5067.68,2024-06-23 21:52:52,completed
574,490,debit_card,18303.34,2024-04-08 02:05:25,completed
575,491,google_pay,16041.76,2024-04-24 16:40:36,completed
576,492,google_pay,6817.48,2023-05-14 22:59:29,completed
577,493,google_pay,12908.44,2023-10-11 14:11:39,refunded
578,494,debit_card,17152.29,2023-01-24 07:41:12,completed
579,495,paypal,9681.38,2024-04-30 16:50:10,completed
580,496,debit_card,2766.1,2023-01-23 03:17:18,completed
581,497,credit_card,15352.21,2024-11-21 08:56:50,completed
582,498,paypal,4373.41,2023-02-06 02:49:45,completed
583,499,google_pay,7786.5,2023-03-19 19:04:00,completed
584,500,credit_card,14212.37,2023-11-23 03:25:02,completed
585,501,paypal,32.05,2023-12-27 18:29:52,completed
586,502,debit_card,6967.26,2024-10-27 14:08:57,completed
587,503,apple_pay,551.71,2024-01-05 21:52:18,completed
588,504,google_pay,9046.93,2023-09-08 19:39:12,completed
589,505,gift_card,3389.87,2024-01-07 03:36:53,completed
590,506,debit_card,14731.6,2023-06-20 08:54:20,completed
591,507,debit_card,12464.82,2024-05-27 00:40:49,completed
592,508,debit_card,1669.7,2023-08-08 06:57:57,failed
593,509,paypal,10424.66,2023-06-25 17:24:35,completed
594,509,debit_card,11117.7,2023-06-25 17:14:35,completed
595,510,google_pay,1273.56,2024-07-05 20:01:34,completed
596,510,gift_card,2889.0,2024-07-05 20:20:34,completed
597,511,google_pay,3649.71,2023-09-12 17:24:10,completed
598,512,google_pay,1624.36,2024-07-26 00:09:00,failed
599,513,google_pay,13623.8,2024-05-05 19:12:04,completed
600,514,bank_transfer,5280.66,2023-01-12 03:00:35,completed
601,514,credit_card,6243.89,2023-01-12 03:05:35,completed
602,515,bank_transfer,11572.38,2023-05-06 17:59:32,completed
603,516,apple_pay,4430.07,2024-01-09 11:19:16,completed
604,517,paypal,4738.7,2024-05-03 08:20:29,failed
605,518,google_pay,3410.1,2023-06-16 21:44:12,completed
606,519,paypal,14692.11,2023-12-08 16:03:26,completed
607,520,debit_card,6092.3,2024-12-18 15:25:35,completed
608,521,google_pay,5853.0,2023-09-22 21:19:01,completed
609,522,gift_card,2173.68,2023-12-21 10:48:48,completed
610,523,credit_card,9717.14,2023-07-24 04:08:40,completed
611,524,bank_transfer,8877.1,2024-05-13 21:22:13,completed
612,525,paypal,1219.04,2023-06-26 10:29:04,completed
613,526,paypal,5821.29,2024-03-03 13:32:25,completed
614,527,credit_card,1999.87,2023-08-27 11:30:41,completed
615,527,bank_transfer,3457.01,2023-08-27 11:38:41,completed
616,528,paypal,17823.55,2023-05-22 20:29:29,completed
617,529,bank_transfer,1628.6,2024-10-14 11:04:25,completed
618,529,debit_card,3194.95,2024-10-14 11:22:25,completed
619,530,debit_card,9253.97,2024-07-23 15:56:47,completed
620,530,gift_card,7391.69,2024-07-23 16:08:47,completed
621,531,google_pay,5948.34,2024-10-29 22:26:10,completed
622,531,bank_transfer,3338.09,2024-10-29 22:25:10,completed
623,532,paypal,4553.08,2023-10-09 16:28:02,completed
624,532,bank_transfer,4806.63,2023-10-09 16:46:02,completed
625,533,debit_card,11278.44,2023-05-04 07:26:38,completed
626,534,bank_transfer,17873.86,2024-10-16 23:38:37,refunded
627,535,gift_card,10070.73,2024-04-18 13:39:22,completed
628,536,google_pay,3176.26,2023-02-08 00:31:20,completed
629,537,bank_transfer,7878.48,2023-10-30 18:30:02,refunded
630,538,paypal,2992.81,2023-12-30 12:13:46,completed
631,539,apple_pay,7078.63,2023-02-28 04:11:13,completed
632,540,gift_card,2222.1,2024-12-17 23:08:21,completed
633,540,debit_card,2248.18,2024-12-17 23:14:21,completed
634,541,debit_card,865.15,2024-08-09 14:18:51,completed
635,542,google_pay,4586.47,2024-09-30 20:01:58,completed
636,543,paypal,5346.67,2024-09-02 18:23:02,completed
637,544,credit_card,1021.71,2024-04-04 09:18:03,completed
638,544,paypal,552.47,2024-04-04 08:53:03,completed
639,545,bank_transfer,981.33,2023-06-25 19:11:55,completed
640,546,paypal,8676.57,2024-11-24 08:26:15,completed
641,547,google_pay,1859.5,2023-12-11 09:33:39,completed
642,547,gift_card,1801.6,2023-12-11 09:38:39,completed
643,548,google_pay,1550.0,2023-01-09 09:17:57,completed
644,549,google_pay,7387.72,2023-03-21 17:36:48,completed
645,550,paypal,3204.2,2024-05-27 23:57:52,completed
646,551,gift_card,1933.66,2024-07-31 01:37:42,completed
647,552,gift_card,14001.97,2024-11-14 17:02:05,completed
648,553,google_pay,6221.85,2023-02-01 20:32:59,completed
649,554,debit_card,13237.71,2024-05-01 22:43:55,completed
650,555,debit_card,4757.99,2024-08-12 03:31:37,completed
651,556,debit_card,6150.64,2024-07-22 09:57:55,completed
652,557,gift_card,6949.27,2024-11-06 06:44:08,completed
653,558,credit_card,8246.19,2023-11-24 12:57:31,completed
654,559,debit_card,7027.69,2024-10-16 06:29:33,completed
655,560,debit_card,4586.81,2024-05-12 07:35:45,completed
656,561,gift_card,10823.32,2023-10-05 00:38:54,completed
657,562,gift_card,2667.69,2023-07-08 13:27:48,completed
658,562,bank_transfer,4477.76,2023-07-08 13:25:48,completed
659,563,paypal,4813.15,2024-06-01 01:00:51,completed
660,564,apple_pay,5276.39,2024-04-16 05:11:02,completed
661,565,debit_card,5392.67,2024-11-07 02:06:36,failed
662,566,gift_card,5251.57,2024-04-12 07:52:54,completed
663,567,debit_card,6072.74,2023-03-15 18:09:01,completed
664,568,credit_card,14982.32,2024-03-26 14:32:32,completed
665,569,debit_card,4684.98,2024-07-11 22:28:38,completed
666,570,credit_card,1852.87,2024-10-23 23:36:30,completed
667,571,apple_pay,6703.98,2024-09-23 15:05:48,completed
668,572,bank_transfer,14017.79,2023-06-17 20:09:07,completed
669,573,apple_pay,9118.92,2023-03-18 17:58:37,completed
670,574,gift_card,10155.23,2024-07-20 06:52:51,completed
671,575,gift_card,10305.26,2024-09-27 16:21:35,completed
672,576,debit_card,1360.94,2023-08-03 21:01:11,completed
673,576,credit_card,1195.85,2023-08-03 20:53:11,completed
674,577,bank_transfer,8346.85,2023-12-22 21:51:08,completed
675,578,credit_card,2638.19,2023-06-12 15:27:42,completed
676,578,bank_transfer,1857.16,2023-06-12 15:09:42,completed
677,579,debit_card,5286.89,2024-08-08 03:29:12,completed
678,580,debit_card,6609.13,2024-10-27 09:50:44,completed
679,581,debit_card,12119.02,2024-07-28 16:09:38,completed
680,582,apple_pay,17198.05,2024-10-05 16:39:22,completed
681,583,apple_pay,284.9,2023-09-01 01:26:57,completed
682,583,credit_card,134.16,2023-09-01 01:46:57,completed
683,584,credit_card,6195.84,2023-06-07 00:45:57,completed
684,585,apple_pay,8232.65,2023-09-19 18:18:30,completed
685,586,paypal,4716.97,2023-05-11 21:54:22,completed
686,587,credit_card,12915.57,2024-03-27 22:49:40,completed
687,588,apple_pay,2571.55,2024-02-23 02:34:18,completed
688,589,apple_pay,1189.91,2023-03-14 12:28:30,completed
689,590,debit_card,6040.24,2023-04-24 06:10:53,completed
690,591,credit_card,2864.94,2023-04-14 08:07:05,failed
691,592,debit_card,1137.73,2024-04-21 11:12:41,completed
692,592,paypal,1506.76,2024-04-21 11:04:41,completed
693,593,gift_card,1732.5,2023-06-24 15:30:20,completed
694,594,gift_card,8633.75,2024-03-01 15:22:19,completed
695,595,debit_card,15429.94,2024-01-20 02:07:58,completed
696,596,debit_card,3458.46,2024-11-10 18:38:59,completed
697,597,credit_card,592.69,2023-01-10 15:36:41,completed
698,598,google_pay,4349.97,2024-10-12 20:59:38,completed
699,599,credit_card,2336.67,2023-05-25 13:07:23,completed
700,600,debit_card,11259.66,2024-11-21 05:05:54,refunded
701,601,paypal,8546.78,2024-07-02 23:05:56,completed
702,602,paypal,3247.53,2023-12-02 01:09:19,completed
703,603,debit_card,1827.92,2024-02-24 17:26:37,completed
704,603,apple_pay,1220.92,2024-02-24 17:26:37,completed
705,604,google_pay,6444.05,2024-10-29 22:55:51,completed
706,605,apple_pay,2591.55,2024-03-25 17:34:05,completed
707,606,credit_card,5380.2,2023-09-01 12:34:47,completed
708,607,debit_card,4533.56,2024-07-11 09:06:20,completed
709,608,paypal,1155.74,2023-07-29 01:38:39,completed
710,609,gift_card,3040.84,2024-04-25 15:24:43,completed
711,610,gift_card,10211.93,2023-05-14 02:28:52,completed
712,611,credit_card,1007.38,2024-05-20 02:13:09,completed
713,611,google_pay,1329.29,2024-05-20 02:19:09,completed
714,612,gift_card,3738.88,2024-11-04 20:53:36,completed
715,613,google_pay,5494.84,2023-02-20 20:01:55,completed
716,614,bank_transfer,11952.81,2023-07-15 18:01:43,failed
717,615,debit_card,12133.98,2023-12-01 16:11:13,completed
718,616,apple_pay,1767.5,2023-06-17 03:55:45,completed
719,617,paypal,3718.56,2024-06-25 13:40:40,completed
720,618,paypal,4987.47,2024-03-18 15:01:40,completed
721,618,apple_pay,5017.8,2024-03-18 15:05:40,completed
722,619,debit_card,13749.33,2024-08-18 05:42:19,completed
723,620,google_pay,4341.4,2024-04-18 12:03:50,completed
724,621,gift_card,8035.54,2024-08-24 16:34:49,completed
725,622,paypal,20683.8,2023-11-18 08:18:24,completed
726,623,google_pay,1499.58,2024-04-12 06:03:50,completed
727,624,apple_pay,6715.01,2023-01-23 21:55:16,completed
728,625,apple_pay,8903.01,2023-09-15 17:08:57,completed
729,626,bank_transfer,9623.08,2024-06-28 10:17:22,failed
730,627,google_pay,5751.63,2023-10-24 03:58:26,completed
731,628,paypal,10472.7,2023-05-23 03:55:24,completed
732,629,credit_card,483.98,2024-07-03 08:50:13,completed
733,629,paypal,1103.71,2024-07-03 08:39:13,completed
734,630,paypal,7266.48,2023-03-12 12:19:48,completed
735,631,apple_pay,1188.07,2023-06-26 01:12:46,completed
736,632,debit_card,1083.2,2023-12-17 21:05:38,completed
737,633,paypal,376.95,2024-11-13 23:28:48,completed
738,633,google_pay,261.47,2024-11-13 23:45:48,completed
739,634,gift_card,8407.84,2023-03-16 04:57:07,completed
740,635,google_pay,5538.38,2023-09-11 21:21:20,completed
741,635,paypal,3505.27,2023-09-11 21:08:20,completed
742,636,paypal,9471.35,2024-03-13 13:55:45,completed
743,637,bank_transfer,2915.28,2023-05-27 10:14:39,completed
744,638,paypal,11687.61,2024-02-20 17:12:43,completed
745,639,google_pay,11867.67,2024-11-08 09:36:05,completed
746,640,apple_pay,599.23,2024-03-21 20:04:22,completed
747,641,google_pay,2615.48,2024-01-30 01:19:34,completed
748,641,apple_pay,1809.31,2024-01-30 01:41:34,completed
749,642,paypal,2701.93,2024-04-28 05:21:37,completed
750,643,apple_pay,6174.03,2024-12-27 06:32:09,completed
751,644,bank_transfer,9243.1,2024-04-03 08:30:45,completed
752,645,debit_card,815.98,2023-05-31 01:33:27,completed
753,646,gift_card,14766.58,2024-12-22 07:27:45,completed
754,647,credit_card,15568.42,2023-04-01 10:20:38,completed
755,648,bank_transfer,9576.31,2023-07-11 06:13:50,completed
756,649,bank_transfer,3366.39,2023-05-27 07:10:55,completed
757,649,google_pay,4129.35,2023-05-27 07:13:55,completed
758,650,bank_transfer,3696.17,2023-02-15 13:04:02,failed
759,650,credit_card,7714.44,2023-02-15 12:55:02,refunded
760,651,paypal,6394.64,2024-10-20 11:58:20,completed
761,652,gift_card,397.86,2024-03-13 07:27:08,completed
762,652,apple_pay,427.97,2024-03-13 07:18:08,completed
763,653,apple_pay,8779.12,2024-05-14 14:16:21,completed
764,653,apple_pay,3934.71,2024-05-14 14:29:21,completed
765,654,bank_transfer,188.8,2023-12-14 21:39:46,completed
766,654,apple_pay,97.36,2023-12-14 21:39:46,completed
767,655,google_pay,4646.43,2023-11-10 23:59:38,completed
768,656,credit_card,10301.22,2023-01-19 12:31:02,completed
769,657,apple_pay,9236.2,2024-01-12 01:02:42,completed
770,658,gift_card,13381.46,2024-09-02 18:49:43,completed
771,659,gift_card,10129.51,2024-10-07 16:29:26,completed
772,660,google_pay,6439.32,2024-11-23 21:55:36,completed
773,661,bank_transfer,2710.93,2024-07-28 04:56:01,completed
774,662,gift_card,5141.23,2023-08-24 07:45:16,completed
775,663,bank_transfer,1863.28,2023-02-10 18:03:50,completed
776,664,google_pay,8778.9,2024-02-11 23:51:40,completed
777,665,bank_transfer,3131.48,2024-12-08 08:14:19,completed
778,665,apple_pay,3072.41,2024-12-08 08:14:19,completed
779,666,gift_card,10894.41,2024-11-24 03:15:22,completed
780,667,gift_card,2398.28,2024-07-08 15:12:09,completed
781,668,apple_pay,7181.36,2024-05-12 10:42:55,completed
782,669,debit_card,15474.0,2023-06-10 01:16:28,failed
783,670,bank_transfer,7793.51,2023-01-04 17:12:14,refunded
784,671,gift_card,4732.79,2023-10-30 21:12:24,completed
785,672,apple_pay,7579.98,2023-02-04 19:07:37,completed
786,673,gift_card,4934.46,2024-11-16 00:39:32,failed
787,674,gift_card,12148.97,2024-11-13 12:08:06,completed
788,675,google_pay,208.79,2024-06-20 03:55:31,completed
789,675,debit_card,158.61,2024-06-20 03:50:31,completed
790,676,apple_pay,1446.16,2023-08-05 00:38:41,completed
791,677,apple_pay,104.35,2023-07-16 20:28:36,completed
792,677,bank_transfer,82.27,2023-07-16 20:35:36,completed
793,678,gift_card,7477.59,2024-06-24 14:58:47,completed
794,679,apple_pay,984.27,2023-02-24 19:26:09,completed
795,680,gift_card,1549.87,2024-12-01 18:37:47,completed
796,680,gift_card,1846.71,2024-12-01 18:33:47,completed
797,681,bank_transfer,986.72,2024-02-22 01:34:53,completed
798,681,credit_card,643.68,2024-02-22 01:44:53,completed
799,682,gift_card,9531.21,2023-08-10 06:10:59,completed
800,683,gift_card,2092.79,2023-07-23 02:52:53,completed
801,684,bank_transfer,3104.93,2024-10-01 04:25:52,refunded
802,685,google_pay,4660.99,2024-03-06 22:09:21,completed
803,686,credit_card,7372.71,2024-02-07 12:56:28,completed
804,687,bank_transfer,919.2,2023-03-26 22:45:04,completed
805,688,gift_card,6326.12,2023-05-24 07:51:31,completed
806,689,debit_card,9623.26,2023-12-05 15:31:17,completed
807,690,bank_transfer,4385.91,2023-12-10 08:24:16,completed
808,691,google_pay,10108.14,2024-08-18 14:00:17,completed
809,692,paypal,7113.35,2023-02-04 00:35:22,completed
810,693,apple_pay,9341.09,2024-10-29 14:10:33,completed
811,694,credit_card,5310.72,2023-12-25 21:07:52,completed
812,695,google_pay,2165.75,2023-10-23 05:05:13,completed
813,696,debit_card,5276.73,2023-02-19 11:12:37,completed
814,697,bank_transfer,7410.11,2024-05-26 02:19:12,completed
815,698,paypal,4728.61,2023-02-23 21:43:26,completed
816,699,google_pay,7622.71,2023-05-06 03:45:03,completed
817,700,paypal,12987.6,2023-03-28 12:07:32,completed
818,701,google_pay,1692.78,2024-02-20 00:11:05,completed
819,702,credit_card,7102.89,2023-10-15 16:42:14,completed
820,703,debit_card,4055.47,2023-01-05 14:38:50,completed
821,704,apple_pay,3737.88,2024-08-20 01:48:17,completed
822,704,credit_card,4835.41,2024-08-20 01:37:17,completed
823,705,google_pay,228.35,2024-03-13 19:37:16,completed
824,706,debit_card,5516.86,2024-12-28 23:09:41,completed
825,707,bank_transfer,8569.87,2024-06-16 13:13:47,completed
826,708,gift_card,3511.66,2024-06-14 10:31:39,completed
827,709,bank_transfer,4899.93,2024-05-09 12:57:10,completed
828,710,apple_pay,3683.86,2024-02-21 16:35:23,refunded
829,710,apple_pay,1995.62,2024-02-21 16:37:23,refunded
830,711,credit_card,6004.91,2023-08-11 20:26:24,completed
831,712,bank_transfer,7381.8,2023-07-19 19:09:34,failed
832,713,paypal,6835.15,2023-12-02 08:16:11,completed
833,714,google_pay,4235.63,2023-12-24 06:18:18,completed
834,715,credit_card,5691.08,2023-04-08 03:25:13,completed
835,716,gift_card,2173.2,2023-11-12 04:39:04,completed
836,716,bank_transfer,1706.15,2023-11-12 04:49:04,completed
837,717,gift_card,8178.0,2024-07-23 17:26:08,completed
838,718,paypal,13848.83,2023-10-10 09:20:16,completed
839,719,credit_card,10131.12,2024-07-15 19:49:58,completed
840,719,apple_pay,4860.34,2024-07-15 19:28:58,completed
841,720,apple_pay,951.38,2024-07-07 11:42:16,completed
842,720,paypal,811.64,2024-07-07 11:58:16,completed
843,721,credit_card,2449.69,2024-11-30 07:55:16,completed
844,721,bank_transfer,1307.88,2024-11-30 08:05:16,completed
845,722,bank_transfer,890.74,2024-05-15 05:34:51,completed
846,723,credit_card,4156.1,2024-01-01 06:40:05,completed
847,724,debit_card,11308.13,2024-12-03 16:48:02,completed
848,725,apple_pay,16272.01,2023-06-04 21:54:01,completed
849,726,gift_card,5271.35,2024-12-28 21:54:11,completed
850,727,paypal,5407.91,2023-01-19 13:12:26,completed
851,728,gift_card,4744.5,2024-06-02 01:59:38,completed
852,729,gift_card,8184.66,2024-03-22 16:45:56,completed
853,730,bank_transfer,7465.19,2023-11-16 11:15:46,completed
854,730,paypal,13333.74,2023-11-16 11:17:46,completed
855,731,bank_transfer,8013.74,2024-08-15 08:27:19,failed
856,732,apple_pay,3302.0,2024-07-25 03:22:50,completed
857,733,google_pay,5852.38,2024-09-03 06:29:23,completed
858,734,gift_card,6004.86,2024-12-15 18:00:43,failed
859,735,apple_pay,995.24,2024-10-24 05:49:59,completed
860,735,credit_card,610.18,2024-10-24 05:41:59,completed
861,736,debit_card,5573.89,2024-07-31 13:57:58,completed
862,737,google_pay,792.76,2024-10-14 23:38:00,completed
863,738,gift_card,2908.78,2024-12-03 13:47:03,completed
864,738,apple_pay,6104.33,2024-12-03 13:28:03,completed
865,739,paypal,3774.12,2024-06-30 13:03:52,completed
866,740,paypal,11055.23,2024-09-15 04:50:32,completed
867,741,bank_transfer,1152.47,2023-11-19 12:01:32,completed
868,742,paypal,15911.76,2024-03-12 06:51:37,completed
869,743,bank_transfer,5107.65,2024-06-19 22:24:20,completed
870,744,credit_card,11237.99,2024-05-30 15:56:00,refunded
871,745,bank_transfer,4020.48,2024-08-09 23:33:31,completed
872,746,bank_transfer,3367.21,2023-10-22 16:39:53,completed
873,747,paypal,4303.01,2024-12-24 02:29:12,completed
874,747,apple_pay,7488.57,2024-12-24 02:07:12,completed
875,748,credit_card,3573.76,2024-11-25 09:45:42,completed
876,749,apple_pay,14354.75,2023-09-25 01:35:01,refunded
877,750,debit_card,10530.58,2023-02-23 12:12:09,completed
878,751,google_pay,20867.75,2024-12-13 02:00:11,completed
879,752,gift_card,11399.15,2023-08-16 02:39:20,completed
880,753,debit_card,3429.17,2024-04-13 05:17:25,completed
881,754,credit_card,8528.21,2024-04-28 01:02:05,failed
882,755,paypal,3752.52,2023-10-11 16:14:09,failed
883,755,credit_card,2484.16,2023-10-11 16:11:09,failed
884,756,bank_transfer,4607.45,2023-08-06 16:23:39,completed
885,757,bank_transfer,186.57,2023-09-05 10:47:46,refunded
886,758,gift_card,12984.02,2024-06-28 03:00:38,completed
887,759,paypal,3459.88,2023-09-20 04:47:18,completed
888,760,gift_card,14675.66,2023-09-16 14:18:26,completed
889,761,paypal,1131.2,2024-07-24 15:26:20,completed
890,762,credit_card,6149.01,2023-06-05 02:33:14,refunded
891,763,google_pay,7767.91,2023-01-28 23:31:28,completed
892,764,debit_card,3566.36,2023-09-18 17:12:17,completed
893,765,bank_transfer,2120.31,2024-07-03 08:56:52,completed
894,766,debit_card,3115.06,2024-03-05 01:18:32,completed
895,767,credit_card,8715.25,2023-03-06 17:10:19,failed
896,768,apple_pay,10160.82,2024-10-31 03:59:06,completed
897,769,google_pay,3195.54,2024-09-21 18:13:12,completed
898,770,credit_card,4114.7,2023-02-27 19:48:21,completed
899,771,gift_card,6026.21,2024-03-20 05:27:10,completed
900,771,gift_card,5288.69,2024-03-20 05:24:10,completed
901,772,debit_card,3912.81,2023-01-08 12:45:01,completed
902,773,debit_card,2531.08,2023-05-02 08:43:43,completed
903,773,google_pay,5373.64,2023-05-02 08:54:43,completed
904,774,apple_pay,2410.47,2024-09-02 14:43:20,completed
905,775,credit_card,9276.58,2024-06-30 22:23:47,completed
906,776,credit_card,7283.53,2023-03-13 05:54:03,completed
907,777,google_pay,4907.52,2023-12-03 08:08:02,completed
908,778,debit_card,12908.79,2023-02-08 20:13:31,completed
909,779,google_pay,1192.68,2024-04-30 19:39:55,completed
910,780,google_pay,16335.3,2024-07-04 03:28:22,completed
911,781,google_pay,4706.51,2023-08-12 18:02:33,completed
912,782,gift_card,2491.65,2023-05-24 15:56:17,completed
913,783,debit_card,11173.69,2023-06-03 14:21:38,completed
914,784,google_pay,19550.96,2024-06-29 23:12:39,completed
915,785,apple_pay,23491.32,2024-10-21 04:16:16,completed
916,786,bank_transfer,2220.29,2023-11-03 13:37:39,completed
917,787,debit_card,6628.23,2024-01-29 13:22:24,completed
918,788,apple_pay,16345.42,2023-07-14 22:51:35,completed
919,789,google_pay,2283.2,2023-01-06 10:18:25,completed
920,789,credit_card,4267.03,2023-01-06 10:15:25,completed
921,790,gift_card,8656.99,2024-08-08 22:02:01,completed
922,791,gift_card,11787.69,2024-01-19 16:01:34,completed
923,792,debit_card,484.23,2023-03-04 02:44:21,completed
924,793,debit_card,19638.62,2024-08-01 02:57:26,completed
925,794,credit_card,3485.04,2024-06-26 05:42:45,completed
926,795,apple_pay,9641.25,2023-07-23 20:19:09,completed
927,796,paypal,325.55,2023-10-06 03:44:04,completed
928,796,credit_card,753.25,2023-10-06 03:51:04,completed
929,797,bank_transfer,16169.21,2024-01-24 03:41:19,completed
930,798,debit_card,7601.83,2024-02-29 01:02:42,completed
931,799,bank_transfer,7715.76,2024-04-01 03:30:39,completed
932,800,bank_transfer,2443.56,2023-12-28 04:01:58,failed
