shipment_id,order_id,carrier,tracking_number,ship_date,delivery_date,status
1,1,DHL,50UHEH3RFWTEVTX3,2023-08-23 08:06:04,,in_transit
2,4,FedEx,0YZKAWZFSI3B79P7,2023-02-06 11:57:57,2023-02-09 11:57:57,delivered
3,5,FedEx,6O6U9179B9NT5DXI,2024-05-29 13:54:23,2024-06-07 13:54:23,delivered
4,6,OnTrac,WO7PLR1X08K4L2LJ,2023-01-28 07:35:16,,in_transit
5,7,OnTrac,L8XRW4DBRHGR8CP1,2024-12-08 20:38:10,,in_transit
6,8,Amazon Logistics,FMW4VCHRHBKGK9JQ,2024-09-22 08:02:13,,in_transit
7,9,FedEx,RA0T51LC8A4OC1CQ,2023-09-22 19:39:50,,out_for_delivery
8,10,OnTrac,RIX5VCMGJVC2SMTC,2024-09-01 20:57:27,,in_transit
9,11,OnTrac,6QJ2ONVEOX3AKV62,2024-03-05 18:09:02,2024-03-11 18:09:02,delivered
10,12,FedEx,6EJA1V2TG2AHN110,2023-12-29 00:18:48,2024-01-04 00:18:48,delivered
11,13,DHL,N3TYK80XTAOFZD6K,2023-10-25 03:46:48,2023-11-03 03:46:48,delivered
12,14,Amazon Logistics,0MPH7VQJA6614RS8,2024-12-07 00:59:21,2024-12-11 00:59:21,delivered
13,15,FedEx,VBYEZD43W95CH4FO,2023-07-17 03:04:53,,in_transit
14,16,DHL,TTUM2IXEXB92YFAI,2024-03-19 13:45:06,2024-03-25 13:45:06,delivered
15,17,Amazon Logistics,RJZK08CT6176C1K0,2023-07-28 17:48:49,,out_for_delivery
16,18,OnTrac,0UP229EOIZU7N9EN,2023-08-29 08:56:25,,in_transit
17,19,OnTrac,ERTQHNOL3OBOPAB0,2024-10-22 08:16:21,2024-10-23 08:16:21,delivered
18,20,DHL,JATE4VV9C0XFEVMY,2023-12-08 16:30:12,2023-12-15 16:30:12,delivered
19,21,OnTrac,UZN4U38BWTB5Q787,2024-01-10 23:43:27,,in_transit
20,22,DHL,JJW8BKUVY7IDUWET,2023-02-17 12:06:01,,in_transit
21,23,UPS,WTK4KL9FG2NEWBZN,2024-11-29 18:07:02,,in_transit
22,24,USPS,34LPQK5FP7AH2CSA,2023-12-12 02:23:15,2023-12-14 02:23:15,delivered
23,25,Amazon Logistics,CI08P3LBSUNGKHVL,2024-11-07 00:21:58,2024-11-08 00:21:58,delivered
24,27,Amazon Logistics,Z80ND3Y9QB0E7CXS,2023-04-01 21:26:18,,in_transit
25,28,OnTrac,874OHL5THLVJYQTA,2024-11-02 10:11:33,2024-11-09 10:11:33,delivered
26,29,UPS,189Y42DJ43DGAMRH,2024-03-08 20:16:03,,in_transit
27,30,UPS,2EU4KB57L1376QWV,2023-07-22 23:07:26,2023-07-26 23:07:26,delivered
28,31,UPS,P7WZITMFEYADYAPG,2024-07-13 22:26:32,2024-07-16 22:26:32,delivered
29,32,DHL,E8RCVFV2R35LJM6C,2023-03-28 18:57:17,2023-04-02 18:57:17,delivered
30,33,UPS,UVCTHBZOKIYG190F,2024-02-03 22:23:33,2024-02-10 22:23:33,delivered
31,34,FedEx,QH7O0ZBO70B2AUBN,2024-03-22 00:23:27,2024-03-30 00:23:27,delivered
32,35,USPS,LW2EK0BRZ0ERAXP2,2024-05-15 13:38:29,2024-05-25 13:38:29,delivered
33,36,USPS,QEUA73ABZGS9W275,2023-01-21 04:20:26,2023-01-28 04:20:26,delivered
34,38,FedEx,0KQLRVD79ZURUTK9,2023-08-20 09:43:56,,in_transit
35,39,Amazon Logistics,6SB053AKZXFP5KE0,2023-02-06 15:36:05,2023-02-16 15:36:05,delivered
36,40,UPS,6DDZV7TXX6LK7IAZ,2023-03-26 12:18:35,,in_transit
37,41,DHL,095EGVT67K37FOQS,2024-07-12 22:52:55,,out_for_delivery
38,42,USPS,6EQXXCX9KNBZ9H0U,2023-10-22 06:05:01,,in_transit
39,43,Amazon Logistics,Q9V98O1LPPJ1N5T8,2023-10-27 00:01:34,,out_for_delivery
40,44,OnTrac,H2BTUFDOAPMLQS8L,2024-12-30 15:19:01,2025-01-02 15:19:01,returned
41,45,FedEx,L15M9GQJANQS334K,2024-07-26 08:57:41,2024-08-01 08:57:41,delivered
42,46,Amazon Logistics,CNJDGJKCSW7A23HO,2024-05-29 00:20:12,,in_transit
43,47,FedEx,SILQBCAIG5K7FHXC,2023-08-01 01:55:46,2023-08-02 01:55:46,delivered
44,48,Amazon Logistics,T0I91KCJUVPCVV57,2023-09-15 07:07:23,2023-09-16 07:07:23,delivered
45,49,FedEx,4MFJHOJALBH1NYKS,2023-12-24 01:07:21,2023-12-27 01:07:21,delivered
46,50,UPS,X8UY5VWTF9AZJF54,2023-12-14 15:32:26,,out_for_delivery
47,51,Amazon Logistics,6V1LK4AGLBD0XQTQ,2023-03-03 21:31:50,2023-03-09 21:31:50,delivered
48,52,USPS,XC609YZHS1EV2SOS,2024-05-24 10:57:09,2024-05-26 10:57:09,delivered
49,53,DHL,PI1G6BX0NWKQ4KSD,2024-09-02 17:46:17,2024-09-12 17:46:17,delivered
50,54,USPS,NGVXXYN9T61QSKFN,2023-07-11 06:05:08,,in_transit
51,55,OnTrac,LWVAPFE0HRQSU95I,2024-06-03 05:19:30,2024-06-13 05:19:30,delivered
52,56,DHL,Z29LJ2TWC5KQQLJW,2023-09-23 07:21:35,2023-09-24 07:21:35,delivered
53,57,USPS,RLVC35TY40QCULVU,2023-11-27 00:25:47,,in_transit
54,58,DHL,SVZOOTSTPHAFARCI,2024-01-21 20:33:36,,in_transit
55,59,UPS,EWYB40T3D7XTX42D,2024-11-11 17:23:10,2024-11-14 17:23:10,delivered
56,60,Amazon Logistics,AOZ4V5BVH2VFT6I6,2023-11-22 03:44:48,2023-11-30 03:44:48,delivered
57,62,DHL,VQBZBRQW5259GMQ2,2024-06-22 23:24:01,2024-06-27 23:24:01,delivered
58,64,OnTrac,14X5DLWY1P6MXSWY,2023-10-04 05:53:38,2023-10-06 05:53:38,delivered
59,65,USPS,J3JL9TDCC58XZ179,2023-04-04 10:52:24,2023-04-13 10:52:24,delivered
60,66,USPS,O9EWO7TCBW5QQB5I,2024-07-14 22:24:11,2024-07-18 22:24:11,delivered
61,67,DHL,PKOR3A1I10PKAP7W,2024-12-10 08:11:52,2024-12-16 08:11:52,delivered
62,68,UPS,SHEURQ7VZFPDOU0Z,2023-08-14 16:46:39,,out_for_delivery
63,69,FedEx,U7XX9IGD40CM0TU2,2024-07-16 02:53:05,,out_for_delivery
64,70,FedEx,K24ZN0MWMKCWJ77E,2024-11-29 15:10:43,2024-12-03 15:10:43,delivered
65,71,FedEx,M86CXOTX76D2KJRZ,2023-10-25 16:03:17,2023-10-26 16:03:17,delivered
66,72,OnTrac,3HRQA9VZEOX981BF,2024-07-17 04:59:41,,in_transit
67,73,UPS,UXN3E6OQE09O8A90,2023-08-21 22:58:42,2023-08-22 22:58:42,delivered
68,75,USPS,37E4EY9JVB6HPPHP,2023-09-10 17:25:46,2023-09-13 17:25:46,delivered
69,76,USPS,RQCFK3EKWH1MQ46P,2023-02-02 13:42:51,,in_transit
70,77,OnTrac,3DNREHU2M6NWMUFG,2024-02-09 05:22:38,2024-02-16 05:22:38,delivered
71,78,USPS,4JDVA787TAG2M093,2023-09-30 18:59:29,2023-10-07 18:59:29,delivered
72,79,Amazon Logistics,5OFTTUK18C7J0ZNR,2023-08-03 16:54:21,2023-08-08 16:54:21,delivered
73,81,Amazon Logistics,MEZVSQ3HEYKUKPXP,2024-12-20 02:13:28,2024-12-23 02:13:28,delivered
74,82,FedEx,Z2SC0T8DHDDCIROW,2023-03-17 13:07:21,2023-03-18 13:07:21,delivered
75,84,OnTrac,TDWOSPE14OT4FPUH,2024-01-18 07:48:00,,in_transit
76,85,UPS,7G0ABGB8PMX76AL3,2023-06-07 18:49:17,2023-06-13 18:49:17,delivered
77,86,UPS,D2AOBLJ0UA9O6H0F,2024-02-11 14:09:57,2024-02-13 14:09:57,delivered
78,87,USPS,B9I9EXBNXDXWBC1J,2024-12-15 00:40:14,2024-12-20 00:40:14,delivered
79,88,DHL,UGXNS8EHIVM4YLHG,2024-11-22 09:55:10,2024-11-26 09:55:10,delivered
80,89,UPS,VPAJSPJ00VMPQYW5,2024-11-04 11:29:57,2024-11-09 11:29:57,delivered
81,90,UPS,GQIO1MGN8NL4J1OF,2023-10-04 17:50:25,,out_for_delivery
82,91,UPS,6ODR9HOUNKP9J1PL,2023-09-12 01:52:44,2023-09-22 01:52:44,delivered
83,92,USPS,HUY7EW1TMIK5Z9RV,2023-12-21 05:10:57,,in_transit
84,94,FedEx,RFQX780TIJ7KTSPY,2024-12-25 04:35:57,,out_for_delivery
85,95,Amazon Logistics,2OTKQXW112CD4YSD,2024-10-18 13:24:41,,in_transit
86,96,UPS,DIRHECY117JW386A,2023-07-12 00:09:51,2023-07-20 00:09:51,delivered
87,97,OnTrac,UE99OH12PGX409WN,2024-06-10 00:06:34,2024-06-15 00:06:34,delivered
88,98,UPS,1H3VQ0V3WKH3J4CY,2024-01-14 07:52:05,,out_for_delivery
89,99,FedEx,ZUDO9AYTHHDDOG2U,2023-04-16 08:46:46,2023-04-23 08:46:46,delivered
90,100,FedEx,UJV1CIJJRX3XHYTD,2024-10-30 18:33:38,,in_transit
91,101,USPS,085RHCJTDAKXVX1B,2023-12-06 08:17:20,2023-12-08 08:17:20,delivered
92,102,OnTrac,FU547OTB85VIF81J,2023-02-01 03:31:18,2023-02-02 03:31:18,delivered
93,103,DHL,KJFCLCCR9D47D7NC,2024-05-07 03:11:03,,in_transit
94,104,USPS,2E52DY739KQ5F7UX,2024-02-17 00:30:44,,in_transit
95,105,UPS,ET4KERZ1V8RSRKPV,2024-10-14 23:37:55,2024-10-16 23:37:55,delivered
96,106,FedEx,7RWE9EUKIFM5CI7H,2024-01-16 18:23:59,,in_transit
97,107,FedEx,X8GCT3M9GX06AWKZ,2024-03-01 01:57:30,2024-03-11 01:57:30,delivered
98,108,DHL,TZJS6PVS9V9BD9ZM,2023-04-01 06:40:49,2023-04-11 06:40:49,returned
99,109,OnTrac,HNS54GWDFO1NNJ5R,2023-12-16 07:54:26,2023-12-23 07:54:26,delivered
100,110,OnTrac,K97EI9NX85J2S2DA,2023-05-17 20:30:08,2023-05-19 20:30:08,delivered
101,111,UPS,TCJ81RTAOGZE5XFF,2023-09-30 23:20:03,,out_for_delivery
102,112,USPS,UKTQ5SMVVBJB1JVE,2024-10-15 12:59:14,,in_transit
103,113,OnTrac,7MB41G877FXV7A7K,2024-06-17 18:44:43,2024-06-19 18:44:43,delivered
104,114,UPS,UB1SB7AC6DK57ICL,2024-02-01 04:15:03,2024-02-09 04:15:03,delivered
105,115,OnTrac,KU2K5EBDSTVAHM9U,2024-03-12 17:14:09,,out_for_delivery
106,116,USPS,QVEFHX0ZJ7IZVA3T,2023-11-16 09:51:56,2023-11-20 09:51:56,delivered
107,117,FedEx,VL1TKU04VPWYMFVT,2023-11-09 15:55:29,2023-11-15 15:55:29,delivered
108,118,FedEx,0NPIQJPBOFO7PUK6,2024-01-16 02:28:35,,in_transit
109,119,USPS,HAKROWX4KK1R6L5A,2023-08-29 15:03:19,2023-09-04 15:03:19,delivered
110,120,USPS,06GKABCZLZM7ODTL,2024-11-12 02:46:36,2024-11-16 02:46:36,delivered
111,121,FedEx,N4UNFFQI1HF2YKGI,2024-04-21 08:48:52,,in_transit
112,122,UPS,7FNBA3VO6YVPDKFE,2023-01-18 11:20:02,2023-01-27 11:20:02,returned
113,123,UPS,DQ7GEYV6NH44O931,2023-03-12 02:25:56,,out_for_delivery
114,124,Amazon Logistics,VSK23AFPYBUXHWRR,2024-08-18 14:58:18,,in_transit
115,125,DHL,CAZXPNGMZYZC0MVA,2024-02-07 20:19:05,2024-02-08 20:19:05,delivered
116,126,UPS,IK209EI8XQ6TCLK0,2024-10-14 00:13:50,,in_transit
117,127,DHL,2EK1HW67Y9PPPCGQ,2024-09-17 09:02:32,2024-09-18 09:02:32,delivered
118,128,DHL,AUT3XRBX2WFIYOWY,2023-11-18 02:14:47,2023-11-21 02:14:47,delivered
119,129,DHL,WRPMEHRTVCE3SKSO,2023-01-29 00:29:10,,out_for_delivery
120,130,USPS,KFLAB0QM6UT6FIZH,2023-11-06 02:05:27,,in_transit
121,131,UPS,VW4NH81TJRT2RMC9,2023-08-11 21:10:29,2023-08-17 21:10:29,delivered
122,132,USPS,D2YBNMZOGQ2H5CFG,2023-01-28 05:40:04,2023-01-29 05:40:04,delivered
123,133,USPS,H3I8NO7NQOTSVFK2,2024-05-25 23:13:45,2024-05-31 23:13:45,delivered
124,134,DHL,AOEAOEULTMD3BPEQ,2023-03-03 10:34:05,2023-03-05 10:34:05,delivered
125,135,UPS,VILAP1J55CUK5X6G,2023-01-15 10:48:24,,in_transit
126,136,FedEx,6Q9Y4YZKMRU4EESZ,2024-07-27 13:40:27,,in_transit
127,137,USPS,AIVEKT4781GX5Y7Z,2024-10-10 19:45:22,,in_transit
128,138,UPS,C7R1QOOHF59SHE95,2023-11-29 05:25:15,,in_transit
129,139,UPS,6ZSSJNJ8TH1PQUA2,2023-08-01 20:39:26,2023-08-02 20:39:26,delivered
130,140,FedEx,R0DHAMYVKP6EUNPU,2024-05-27 13:40:17,,in_transit
131,141,OnTrac,FW1DUHBX6ADLOR2T,2023-11-30 15:06:17,2023-12-04 15:06:17,delivered
132,142,USPS,5HSSX0BJCKJCO6MY,2023-08-05 08:41:44,2023-08-14 08:41:44,delivered
133,143,DHL,WDSHLLSHWA7SLKD4,2023-01-15 08:51:53,2023-01-24 08:51:53,returned
134,144,DHL,B8VFQ6D6SUZRDDN7,2024-08-17 09:45:56,,in_transit
135,145,USPS,EUQ3PUZHHORBLB8T,2023-06-27 00:47:49,,in_transit
136,146,FedEx,MTVPPFNNIIX1SKNX,2024-08-23 00:19:04,2024-08-28 00:19:04,delivered
137,147,UPS,MBYTJPTVH31A2MF3,2024-03-16 09:56:16,2024-03-24 09:56:16,delivered
138,148,UPS,PUXJCN0CL5NKDI2Q,2023-04-25 16:05:25,,out_for_delivery
139,149,Amazon Logistics,67EZAQ3UZGRRQ01E,2024-03-11 15:39:43,2024-03-20 15:39:43,delivered
140,150,UPS,LYRSOAVA6FBF4FKK,2023-03-09 03:48:00,2023-03-12 03:48:00,delivered
141,151,USPS,0R3X9DW7ZPEUWDNV,2024-07-15 14:18:03,,out_for_delivery
142,152,DHL,1OBVYSIKJAZF7489,2024-08-22 01:31:51,2024-08-29 01:31:51,delivered
143,153,DHL,2W8G4U1IWAAYRIBE,2024-07-31 04:07:40,2024-08-04 04:07:40,delivered
144,154,Amazon Logistics,6L0DCZ6PBBOUZY46,2023-09-07 16:07:53,,in_transit
145,155,DHL,HKSHRDGKOU3N8Z79,2023-07-31 06:34:59,,in_transit
146,156,OnTrac,3AH78Y3ON2FOL4VF,2024-01-26 05:14:08,2024-01-30 05:14:08,delivered
147,157,UPS,KBB5YFTXDXNADA1K,2023-12-28 08:35:52,,in_transit
148,158,FedEx,OX05ZHI646NZ3HA6,2023-11-30 15:39:39,,in_transit
149,159,USPS,B3VCPEA74TBS9IZK,2024-08-10 21:23:27,2024-08-20 21:23:27,delivered
150,160,OnTrac,YWI7ZWPD1OTXS3FE,2023-06-04 07:11:56,2023-06-14 07:11:56,delivered
151,161,OnTrac,C45U2691456H95D9,2024-11-21 18:58:09,2024-11-30 18:58:09,delivered
152,162,OnTrac,AWRHQS9DVELYVRO5,2024-01-15 09:56:34,2024-01-19 09:56:34,delivered
153,163,FedEx,ORR5SR5ET3H7PSXM,2023-01-08 04:35:29,2023-01-10 04:35:29,delivered
154,165,USPS,52F7GFPPSYAZHXDO,2023-09-11 09:42:47,,in_transit
155,166,Amazon Logistics,TXYZ8AKV3UDLWRFL,2024-05-21 00:59:33,2024-05-24 00:59:33,delivered
156,167,Amazon Logistics,KTGU8TL777K1D8NR,2024-06-19 01:46:14,2024-06-26 01:46:14,delivered
157,168,FedEx,C3V8MO2TPX4LPCX1,2024-04-15 13:01:41,2024-04-25 13:01:41,delivered
158,169,OnTrac,JZG8U6MQBIAFHE0F,2024-12-29 04:04:46,2025-01-03 04:04:46,delivered
159,170,FedEx,XOWRG1AXVFGIGV3W,2024-02-12 07:07:22,,in_transit
160,171,OnTrac,5A8XAEJGNZFZUNQ2,2023-09-07 18:08:02,2023-09-10 18:08:02,delivered
161,172,UPS,ZL5Y31K88NO1RBN6,2023-02-24 01:51:55,2023-02-25 01:51:55,returned
162,173,Amazon Logistics,JNJ0KX69XP7SX5S2,2024-06-30 20:14:54,2024-07-05 20:14:54,delivered
163,174,Amazon Logistics,X8W43H93SIBXQNQ7,2023-12-24 04:48:14,2023-12-30 04:48:14,delivered
164,175,USPS,F5O2UXXK509Y5BA0,2024-04-08 17:26:03,2024-04-12 17:26:03,delivered
165,176,OnTrac,NZVTOF3BHG9VHBQI,2024-11-19 02:42:37,2024-11-20 02:42:37,delivered
166,177,OnTrac,4VJ2MWYI7CEUMMYY,2023-08-05 06:33:13,2023-08-08 06:33:13,delivered
167,178,USPS,9AGULM5FQJYYIIR4,2024-07-20 11:34:05,2024-07-25 11:34:05,delivered
168,179,OnTrac,CZ6EIMB9GM53FPY6,2024-03-12 19:53:28,,in_transit
169,180,FedEx,YSRTTYMMCWPBV6CI,2024-04-07 07:35:38,2024-04-09 07:35:38,delivered
170,181,UPS,X7MM1HQB1EG4OHPN,2023-05-19 12:13:25,2023-05-27 12:13:25,delivered
171,182,UPS,Y3NPZ5GP5GPSSS2P,2024-09-10 23:00:12,,in_transit
172,183,Amazon Logistics,PIVPA47V8PRCMZZ3,2024-03-23 03:00:00,,in_transit
173,184,OnTrac,6ZPI288H23TU8LM7,2023-06-13 13:45:35,2023-06-16 13:45:35,delivered
174,186,FedEx,CN3ON4FG0DJQ1PQV,2023-05-11 00:26:14,2023-05-14 00:26:14,delivered
175,188,Amazon Logistics,KAKJ6SZXI5N6DBXF,2024-02-02 10:52:38,,out_for_delivery
176,189,DHL,EXLOYEYQE6836HFE,2023-09-15 01:23:15,2023-09-23 01:23:15,delivered
177,190,UPS,DBSIWFVIUCLHQ2EA,2024-03-12 01:51:43,2024-03-22 01:51:43,delivered
178,191,UPS,AXMVW0NHJLA9A1N3,2023-10-06 17:31:25,2023-10-14 17:31:25,delivered
179,193,OnTrac,50LMBVSQOI2JVZHO,2024-05-10 06:19:36,,in_transit
180,194,DHL,KCZF2TDCITEGB1DI,2024-03-14 08:12:49,2024-03-20 08:12:49,delivered
181,197,DHL,TFAIXG2G10YC1NE2,2024-07-19 20:03:57,2024-07-21 20:03:57,delivered
182,198,FedEx,4IUYD7RINA0VLRRB,2023-10-19 15:42:10,2023-10-26 15:42:10,delivered
183,199,FedEx,CZDBRAEIU5AXTVDH,2023-12-12 08:58:44,2023-12-15 08:58:44,delivered
184,200,FedEx,15VCJXN7PRWMOEGP,2024-04-02 07:20:38,2024-04-04 07:20:38,delivered
185,201,FedEx,QYE1SOFPVOEO37PH,2024-12-13 07:52:54,2024-12-21 07:52:54,delivered
186,202,USPS,NHDT4RK9FFY71KNC,2023-01-29 01:00:38,,in_transit
187,203,Amazon Logistics,GP0A8D2ODKWDGSEO,2023-02-07 02:40:45,2023-02-14 02:40:45,returned
188,204,UPS,5OR4NN9NSRANU8AK,2024-05-03 15:53:07,2024-05-07 15:53:07,delivered
189,205,DHL,Y7I0YCM90F89VXG7,2024-04-19 21:28:59,,in_transit
190,206,DHL,KBJN7FDTGSKEGDEZ,2024-01-05 17:43:05,,in_transit
191,207,USPS,MQW20X3RKWWCF5DE,2023-10-15 00:36:37,2023-10-23 00:36:37,delivered
192,209,DHL,9M0TTD78PRWY8ZOI,2024-10-12 20:05:16,,out_for_delivery
193,210,Amazon Logistics,GQ83QG5OPKORUCU6,2024-05-11 03:27:14,,in_transit
194,211,FedEx,O9GB1XAC9M2ZEH9H,2024-10-28 08:14:03,,in_transit
195,212,DHL,Q4LU1BY4IYV0N1SM,2023-09-17 09:19:29,,in_transit
196,213,UPS,7T3F49HWFL8MPJ4Z,2024-12-05 11:55:58,2024-12-15 11:55:58,returned
197,215,Amazon Logistics,W4633566DZGG3ETI,2024-10-14 16:10:14,,in_transit
198,216,FedEx,J30TLDO1VA1QOXM8,2023-06-01 20:39:39,,out_for_delivery
199,217,FedEx,N2TEJ0U0VGDR1GX1,2023-03-10 05:17:24,2023-03-15 05:17:24,delivered
200,218,OnTrac,SCH8Q7QRERIKA7LX,2024-04-20 15:48:11,2024-04-27 15:48:11,delivered
201,219,USPS,DW54I3O6GIL6DTXL,2024-05-09 10:50:41,,out_for_delivery
202,220,OnTrac,K85JYYFK31AVPM6D,2023-08-02 15:18:53,,in_transit
203,221,USPS,X9OJWUDRGTZ6QL3E,2024-01-01 03:34:20,,in_transit
204,222,DHL,C6G4Y3CXLLJ0VGWG,2024-12-23 13:32:34,2025-01-02 13:32:34,delivered
205,223,Amazon Logistics,PX9V1UITDJ4WT1VA,2023-05-25 18:03:52,,out_for_delivery
206,224,UPS,2KKWFAPG0JG3YTII,2024-04-05 03:48:26,,in_transit
207,225,USPS,D8SPW0S1NKK0G78T,2024-09-07 15:07:02,2024-09-13 15:07:02,delivered
208,227,UPS,JM3UM94W739V5745,2024-10-12 08:33:30,,out_for_delivery
209,228,Amazon Logistics,5PLLD5OBQ2SA12ME,2023-09-02 03:53:54,2023-09-12 03:53:54,delivered
210,229,DHL,790VON8PVWJAZQ4X,2023-08-08 16:15:16,2023-08-12 16:15:16,delivered
211,230,OnTrac,4W6C8HS287QMRMPL,2023-06-25 12:12:24,,in_transit
212,231,USPS,TS7YNXJ5YHY8N59U,2023-05-20 13:36:30,2023-05-22 13:36:30,returned
213,232,OnTrac,L6X2OZ2IMB30JGUC,2023-07-25 11:28:44,2023-07-30 11:28:44,delivered
214,233,FedEx,2E84L9YILZR015K9,2023-10-11 10:14:28,2023-10-17 10:14:28,delivered
215,235,DHL,1IXU1OUBNLMA4AC1,2024-02-25 20:05:31,,in_transit
216,236,UPS,D3XAK74F5ZQS1BHL,2024-05-19 18:27:41,,out_for_delivery
217,237,DHL,0HKKWJSV0ZITYFIP,2023-09-23 18:43:09,,in_transit
218,238,OnTrac,Z0B545K5Q5GOEIOT,2024-02-03 16:05:31,,out_for_delivery
219,239,UPS,W66V3JR1NJKIKSMV,2023-12-30 06:20:23,2024-01-08 06:20:23,delivered
220,240,Amazon Logistics,025582RQUKJF8RQC,2024-05-29 08:12:04,,in_transit
221,241,OnTrac,MKC11XHWCBZUJBOO,2024-01-01 22:06:46,,in_transit
222,242,OnTrac,00MS8MXNMGHY7PBY,2023-10-22 12:45:21,,in_transit
223,243,USPS,JB90C03V1NPCYVU0,2024-06-28 16:57:40,2024-06-29 16:57:40,delivered
224,244,FedEx,TYLH82JPLLQ7S1OR,2023-05-04 07:19:25,2023-05-06 07:19:25,delivered
225,246,USPS,0OY44TFW0ZNMVNSW,2023-08-28 21:23:29,2023-09-05 21:23:29,delivered
226,247,FedEx,YAGZR64L4YWP6CBC,2023-12-08 23:42:55,,in_transit
227,248,FedEx,BRQIT4J0SGQ53ALJ,2024-06-26 10:23:21,2024-07-03 10:23:21,delivered
228,249,UPS,6ISX49T0Z4O75RDD,2024-10-09 20:41:02,2024-10-12 20:41:02,delivered
229,250,DHL,SGFSH681TCHWSTWY,2024-01-12 19:31:31,,in_transit
230,252,DHL,53CUK52CG99L349D,2023-11-29 19:14:37,,out_for_delivery
231,253,DHL,1GT7DHT8D61098CJ,2023-05-10 09:39:56,,in_transit
232,254,UPS,EV3LFY5U0I1BV7GS,2023-06-05 03:36:08,2023-06-10 03:36:08,returned
233,255,Amazon Logistics,K9KOHD5MHBCIG3KQ,2024-06-02 06:47:31,2024-06-06 06:47:31,delivered
234,256,OnTrac,6W5OWK1LO4P0K9K2,2023-08-29 05:16:35,,in_transit
235,257,OnTrac,VF74VMBLCW0DPDZN,2023-12-24 07:02:23,2024-01-03 07:02:23,delivered
236,258,DHL,DC14ZSEXE0OF37FD,2024-05-29 13:21:15,2024-06-08 13:21:15,delivered
237,259,OnTrac,G24UNFTWR2Z0AUF2,2023-08-29 20:42:51,2023-09-05 20:42:51,delivered
238,260,FedEx,EEWBHFBXQ4UW0JGQ,2023-12-08 01:51:39,2023-12-16 01:51:39,delivered
239,261,Amazon Logistics,VDM63L952A768O3B,2024-06-16 19:59:10,,in_transit
240,262,OnTrac,23JPMKRQ2YVMZA5W,2024-01-06 18:20:19,2024-01-09 18:20:19,delivered
241,263,Amazon Logistics,OYHDOWM2HUT7P5MZ,2024-03-05 01:33:24,,out_for_delivery
242,264,DHL,HXBX5EV5925UAK3J,2024-06-04 04:33:57,2024-06-06 04:33:57,delivered
243,266,USPS,HAL104S210U8ULV1,2023-09-05 06:35:56,,in_transit
244,267,Amazon Logistics,08IPUV58OHCU0E0R,2024-08-26 14:37:09,2024-09-05 14:37:09,delivered
245,268,UPS,1OW0O2NXVG17TG5S,2024-04-10 15:44:49,2024-04-19 15:44:49,delivered
246,269,Amazon Logistics,SFNB6SP0Y3RORA8K,2024-01-15 06:44:44,,in_transit
247,270,OnTrac,RJKLUMCMH7LM2LW7,2024-11-19 20:33:33,,in_transit
248,271,DHL,TQJ8CW8N57PLE0EW,2023-10-12 09:23:48,2023-10-17 09:23:48,delivered
249,272,UPS,MJO2CMXLEOTP7A3U,2024-12-14 09:07:07,2024-12-19 09:07:07,delivered
250,273,OnTrac,3CD24D0UXF7FS12H,2024-01-26 07:44:15,2024-02-04 07:44:15,delivered
251,274,USPS,NTUSJXBCWSBAH6TC,2023-12-06 04:27:21,2023-12-14 04:27:21,delivered
252,275,USPS,0N5O9R7LJ5MV6B6R,2023-11-28 15:50:03,2023-12-06 15:50:03,delivered
253,276,Amazon Logistics,RBLH74KUDYZ3MQWY,2024-06-11 11:59:59,,in_transit
254,277,DHL,GD5ML524HIARMLE6,2023-11-26 13:44:43,2023-11-27 13:44:43,delivered
255,278,FedEx,J7NRSKOQV333C2UU,2024-10-10 23:13:15,2024-10-17 23:13:15,delivered
256,279,OnTrac,RNFYJDL2MYPJTSYI,2024-06-16 21:11:24,,out_for_delivery
257,280,DHL,RPPNL6RNKWXZWL9P,2023-05-07 23:05:27,2023-05-17 23:05:27,delivered
258,281,DHL,MOU803JW6R8YKEHV,2023-01-13 00:01:41,2023-01-15 00:01:41,delivered
259,282,DHL,XD8XQ41WJX3XYRG7,2024-08-22 03:11:10,2024-08-23 03:11:10,delivered
260,283,USPS,ODMX0RDT5NHXF4T8,2024-08-01 09:05:39,,in_transit
261,284,OnTrac,RV3NSXOF6T6WEGGH,2023-10-17 13:58:03,,out_for_delivery
262,285,USPS,AADOV9WD0RVZ3Y9E,2023-10-13 09:31:00,2023-10-21 09:31:00,delivered
263,286,FedEx,9SH7N1BQG3DCMYXB,2024-02-19 23:49:23,,out_for_delivery
264,287,UPS,7Q2JBTZGTLD6F0N3,2023-01-09 09:40:58,2023-01-10 09:40:58,delivered
265,288,UPS,OI92RI52ZVBCETH2,2024-02-07 22:21:44,,out_for_delivery
266,289,OnTrac,31WCGV6LRLWP47LZ,2023-02-08 16:55:05,2023-02-14 16:55:05,delivered
267,290,Amazon Logistics,158J8H19YX6YINW4,2024-11-08 02:46:02,2024-11-16 02:46:02,delivered
268,291,DHL,OAG4G9O6QVJ2C55S,2024-11-22 15:15:15,,in_transit
269,292,USPS,3Y82FJXLFN7V2T3F,2023-11-27 15:40:13,2023-11-29 15:40:13,delivered
270,293,OnTrac,91QJWNNHN3K7DD1T,2024-02-28 13:33:55,2024-03-06 13:33:55,delivered
271,294,USPS,H7G8YFH3XDVQ8PKD,2023-11-22 22:33:58,2023-11-24 22:33:58,delivered
272,295,DHL,JYF8JSHL96EPT6AA,2024-05-11 23:34:36,2024-05-13 23:34:36,delivered
273,296,OnTrac,QR0APXP8IQFVAPR4,2024-07-25 11:41:07,2024-07-30 11:41:07,delivered
274,297,DHL,8RBT4OBKS3II3F4X,2023-05-20 02:35:31,2023-05-23 02:35:31,delivered
275,298,OnTrac,PKVCBZYIYN62U8Z1,2024-07-20 12:17:57,2024-07-30 12:17:57,delivered
276,299,DHL,KMXE8QBT0NUG9FO8,2024-11-24 09:26:42,2024-11-28 09:26:42,delivered
277,300,Amazon Logistics,ELIVWOE58OAGP01T,2024-12-16 15:12:35,,in_transit
278,301,USPS,2SF4VH9T13G4WANI,2023-03-04 10:44:13,2023-03-10 10:44:13,delivered
279,302,Amazon Logistics,L7NHYMAFCB3D6IDL,2024-04-18 07:10:20,2024-04-26 07:10:20,returned
280,303,USPS,U7M1VD7CRABOQCUC,2024-02-06 04:09:29,2024-02-16 04:09:29,returned
281,304,DHL,ADOTIWTLINJ1Q3Q5,2024-12-24 08:44:41,,in_transit
282,305,Amazon Logistics,NIL8472QW44XRIIG,2023-11-08 06:19:38,2023-11-09 06:19:38,delivered
283,307,Amazon Logistics,L1R99M2KKTBK5P24,2024-03-22 10:15:23,2024-03-30 10:15:23,delivered
284,309,DHL,9N44FBV46MU62OED,2023-10-18 16:16:18,,in_transit
285,310,Amazon Logistics,LQK0PQS2FNUKM7Y1,2023-08-05 10:23:46,,out_for_delivery
286,311,DHL,8N40AP00G5X5CS72,2024-01-25 13:48:48,,out_for_delivery
287,312,DHL,1PPQVQ1HU3FIQG01,2024-06-10 18:43:05,2024-06-20 18:43:05,delivered
288,313,UPS,BPIMEVGXBT66KFG7,2023-06-10 21:18:04,2023-06-12 21:18:04,delivered
289,314,OnTrac,HVIKAOZA48U9ZYAW,2023-08-02 10:03:32,2023-08-05 10:03:32,delivered
290,315,Amazon Logistics,MTO2VDSIZB25JT3M,2023-06-22 21:46:21,2023-06-26 21:46:21,delivered
291,316,USPS,2MD8W1SAGMLF2L9O,2023-02-22 11:52:21,,in_transit
292,317,DHL,N2R48TWQOYBZ8GIC,2024-05-09 01:01:12,,in_transit
293,318,UPS,6D86U8781XTQSR7S,2024-12-23 06:05:00,,in_transit
294,319,FedEx,23U2G3RXOKPI1TSQ,2023-09-06 06:34:25,2023-09-11 06:34:25,delivered
295,321,Amazon Logistics,ZGRMC7FFZ1C5MNJO,2024-02-20 09:40:46,,in_transit
296,322,UPS,E5C5JO5L02MOYQJ3,2023-11-12 23:18:46,2023-11-22 23:18:46,delivered
297,323,FedEx,R6M072HUN8FITOZA,2024-03-14 23:52:12,2024-03-15 23:52:12,returned
298,324,DHL,M9FERJXMZWQDBDPV,2024-08-03 23:56:01,2024-08-08 23:56:01,returned
299,325,DHL,WMUB4F0MIZ8QAJXH,2023-08-16 15:58:32,,in_transit
300,326,USPS,F6M8WNLEPHVPKFA2,2023-01-25 23:07:24,2023-02-03 23:07:24,delivered
301,327,Amazon Logistics,ZD2LGUQIONMC7ICK,2024-03-17 18:21:29,2024-03-22 18:21:29,delivered
302,328,DHL,I7P2R5JGLWMK6SF9,2024-03-11 04:47:01,,out_for_delivery
303,329,UPS,RMOZL65X4WU1I7XX,2024-12-18 11:58:13,,in_transit
304,330,UPS,UPBBBKVPMIOKGN2Y,2023-03-19 07:50:05,2023-03-27 07:50:05,delivered
305,331,FedEx,JFBOVB1ZJ396YFI7,2024-03-20 07:27:29,2024-03-26 07:27:29,delivered
306,332,OnTrac,3O6J8LU25WSEVI9V,2024-03-06 06:03:16,2024-03-09 06:03:16,delivered
307,333,Amazon Logistics,QLFTI211WY6RR79I,2024-12-02 09:46:14,,in_transit
308,334,FedEx,F1FK0ILBHVAB8CKQ,2024-05-04 13:11:23,2024-05-07 13:11:23,delivered
309,335,DHL,KQR4ZLXB7GIORFZC,2024-02-23 00:48:42,,in_transit
310,336,DHL,3JUWLIUVJ40Y52YG,2024-01-23 08:21:34,,out_for_delivery
311,338,UPS,QI2S6I7IMW4HGIL4,2023-08-14 00:18:40,2023-08-20 00:18:40,delivered
312,339,FedEx,7AUNZQBIB6OE3L3R,2024-05-26 16:16:46,2024-06-03 16:16:46,delivered
313,340,USPS,L4BV8WZJFXYKMKCW,2024-03-28 14:55:32,,out_for_delivery
314,341,USPS,4EI2BRSV43056M00,2023-05-29 16:53:03,,in_transit
315,342,USPS,79W5DY4LRE7PI8WE,2024-04-20 13:44:41,,in_transit
316,343,USPS,A2EO4CYTN8PLA2Q7,2024-07-25 16:13:40,2024-07-29 16:13:40,delivered
317,344,Amazon Logistics,FLUN3YPQ5LYYP6S0,2024-04-18 15:43:44,2024-04-23 15:43:44,delivered
318,345,FedEx,B61PDBHF3SUTHK9O,2023-10-15 14:48:58,2023-10-17 14:48:58,delivered
319,347,Amazon Logistics,TE8RTMSY77BMBVMO,2023-10-17 15:51:27,,in_transit
320,349,FedEx,RSA8ZFAWTY7KFGHP,2023-04-15 00:46:34,2023-04-22 00:46:34,delivered
321,350,UPS,I028H1V8SVWUDJ9V,2024-03-27 15:17:10,2024-04-05 15:17:10,delivered
322,351,OnTrac,6JRU7NSPN5MRDPMB,2023-07-10 21:02:16,,out_for_delivery
323,352,DHL,HK7DBWPVFZET8P1H,2024-05-15 04:10:33,2024-05-22 04:10:33,delivered
324,353,USPS,2AHNYRVFONTYADJC,2023-07-13 04:35:08,2023-07-21 04:35:08,delivered
325,354,UPS,LX9K9S0BU74URWIS,2024-08-06 11:04:31,2024-08-12 11:04:31,delivered
326,357,OnTrac,DHH2KS1CBCIFL79R,2024-07-11 04:10:14,2024-07-18 04:10:14,delivered
327,358,OnTrac,PU8O9ONSRHDVNFF2,2023-08-18 13:13:38,,in_transit
328,359,FedEx,AEBI8BNQ49DMXS03,2023-11-10 05:54:15,,in_transit
329,360,UPS,5ACOBTEGURT1RWVN,2024-09-04 14:38:18,2024-09-13 14:38:18,delivered
330,361,FedEx,LRW334KKAF9YFT4G,2024-08-14 17:02:00,,in_transit
331,362,OnTrac,ICNIC4DTZNNVEJE1,2023-10-13 15:23:36,2023-10-21 15:23:36,delivered
332,363,UPS,NAQ2DS3EDU2EL88Y,2024-12-13 03:04:47,2024-12-14 03:04:47,delivered
333,364,USPS,OT1K8HCD1SD44WL8,2023-07-27 10:46:51,2023-08-04 10:46:51,delivered
334,365,DHL,FWQVALBNA0236QK3,2024-11-29 10:12:55,,in_transit
335,366,DHL,AD3M6JR8FL9V2QJI,2023-09-24 23:35:54,2023-09-26 23:35:54,delivered
336,367,DHL,WU7SA7IDI09KGW8C,2024-09-05 13:42:51,2024-09-10 13:42:51,delivered
337,368,USPS,IP3M7ZUM7OD4C9VX,2023-08-02 19:56:41,,in_transit
338,369,Amazon Logistics,FIB7AKKSQKU1W3VS,2024-02-13 06:40:15,2024-02-15 06:40:15,delivered
339,370,UPS,AXOD97QQ1Q81HRUL,2024-03-13 17:08:11,2024-03-21 17:08:11,delivered
340,371,Amazon Logistics,PD7CDZPBBWGDKD8M,2024-07-11 00:09:46,2024-07-12 00:09:46,delivered
341,372,UPS,KIXSX097NFUD1AHI,2024-07-10 20:45:10,2024-07-18 20:45:10,delivered
342,373,USPS,LZVGW9HNE0R3I9HU,2024-07-31 16:11:27,,in_transit
343,374,DHL,JR07H0UMS48IW5XN,2024-04-19 19:40:40,2024-04-22 19:40:40,delivered
344,375,DHL,Z98JHE17O7PNUD53,2024-05-09 14:06:36,2024-05-14 14:06:36,delivered
345,376,USPS,5EEAZVW7NJKHVYQD,2023-08-25 07:31:11,2023-08-27 07:31:11,delivered
346,377,OnTrac,R4IZJEZ909O08NE4,2023-10-12 20:28:04,,out_for_delivery
347,380,USPS,A7OBBC83Y0CLCCVG,2023-10-18 18:37:27,2023-10-24 18:37:27,delivered
348,381,OnTrac,80WC84AYUF1TK83W,2024-11-09 08:33:28,,in_transit
349,382,FedEx,EYHCXTR698I94780,2024-11-30 19:46:57,2024-12-08 19:46:57,delivered
350,383,UPS,91TEFO1S93ENWWZ3,2023-06-25 15:02:42,2023-06-28 15:02:42,delivered
351,384,OnTrac,O1YPISLWVOQJ4F2X,2023-08-06 04:10:40,,in_transit
352,385,UPS,9F6F5226G5IUVWL4,2023-10-05 21:40:08,2023-10-08 21:40:08,delivered
353,386,UPS,6OJKS1I7W10PE8EL,2024-11-30 14:26:37,2024-12-03 14:26:37,delivered
354,387,Amazon Logistics,PAZAUR4LMY2CXN52,2024-05-31 22:24:26,2024-06-01 22:24:26,delivered
355,388,Amazon Logistics,B7UYA088QEG0O0HG,2024-02-02 02:55:45,2024-02-12 02:55:45,delivered
356,389,USPS,C2GLXV8QIQ7UVMRU,2023-12-15 21:50:23,,in_transit
357,390,UPS,JQYCRHO7AZP8OX5D,2023-07-18 21:31:45,,in_transit
358,391,UPS,0FH2TN8B8ZUFJWFQ,2023-06-29 08:33:53,,out_for_delivery
359,392,Amazon Logistics,5YSHGPZ91KMGQAW4,2023-02-01 05:59:36,2023-02-02 05:59:36,returned
360,393,FedEx,TJYPZRZ1HOCW0MDZ,2023-08-06 12:32:16,2023-08-09 12:32:16,delivered
361,395,Amazon Logistics,BEKTJEPGYAP9EIB0,2023-06-13 08:24:21,2023-06-15 08:24:21,delivered
362,396,DHL,A6YY5XHQ3U91F8BV,2023-03-19 07:53:23,,in_transit
363,397,USPS,HP6PNU0KI4JKJ7OP,2024-09-08 14:58:04,,in_transit
364,398,USPS,BTK0TD0DOF83GAED,2023-04-04 09:58:20,2023-04-05 09:58:20,delivered
365,399,Amazon Logistics,LAV3W9O01E4ZNZZE,2023-03-19 13:49:18,,in_transit
366,400,Amazon Logistics,L4GQQKMJCZZRO70Y,2023-08-21 23:40:39,,in_transit
367,402,FedEx,1D613LY4QZTGBCQT,2023-01-03 09:13:47,2023-01-04 09:13:47,delivered
368,403,UPS,A6M66SZVETC543EV,2024-01-19 14:49:31,,in_transit
369,404,DHL,8LYK0VGL2UPQV9DY,2024-01-13 08:59:08,,in_transit
370,405,FedEx,AKLOF5L5D9AU6MTQ,2024-11-05 14:54:58,,in_transit
371,406,Amazon Logistics,5X8G1HZVNASJP0ES,2024-06-10 11:54:03,,in_transit
372,407,DHL,Y7K6000U1R54ED6L,2023-03-29 13:57:08,2023-03-30 13:57:08,returned
373,408,UPS,HY05Y5FNX74SSD1J,2023-01-06 01:29:27,2023-01-10 01:29:27,delivered
374,409,OnTrac,ZB6UXQRKUW2032LY,2023-05-10 16:58:47,2023-05-17 16:58:47,delivered
375,411,FedEx,J4BO6GPN1MXKQMUY,2024-05-12 11:00:01,,out_for_delivery
376,412,UPS,MXS7S8W50QV28N4Q,2024-08-29 21:43:52,2024-09-02 21:43:52,delivered
377,413,DHL,LX2CRL39YR8H9XDY,2023-08-30 14:37:45,,in_transit
378,414,DHL,D7WGXXASHVFHZLA6,2024-01-05 12:23:58,2024-01-12 12:23:58,delivered
379,415,Amazon Logistics,8L10I187YOHQLYLE,2024-03-21 12:22:06,,in_transit
380,416,UPS,JYG8IRCPW5VZLMQ9,2023-06-02 01:21:03,,in_transit
381,417,OnTrac,OQCPL72U22EFTIXD,2024-04-18 21:31:16,,in_transit
382,418,Amazon Logistics,Y1APB0DF56TIZANK,2024-01-04 23:48:35,,out_for_delivery
383,420,UPS,Y7NL7UB8HLAR1VY7,2023-10-18 00:02:51,2023-10-22 00:02:51,delivered
384,421,DHL,R4G0CYOBG0IUZ948,2024-10-07 01:59:29,,in_transit
385,422,UPS,GYFUNMAD1BX6AZ8Y,2023-11-27 08:07:39,,in_transit
386,424,OnTrac,CVHLBPRFEGCXY13V,2023-10-02 15:48:16,,in_transit
387,425,DHL,F72VE4IRF7BCU5SX,2024-08-18 18:49:20,2024-08-28 18:49:20,delivered
388,426,FedEx,QBKURT6267CGFX30,2024-05-31 05:35:33,,in_transit
389,427,USPS,PUBKOPSL0JO4PYAP,2023-01-19 09:24:30,2023-01-22 09:24:30,delivered
390,428,USPS,FW79GQQQJR6JP3ZJ,2024-03-12 11:08:40,,in_transit
391,429,DHL,Q1BPFWSQ7TFS2E2F,2024-04-27 16:04:30,,in_transit
392,430,USPS,JPAHRX7BNZTAHY8O,2023-02-27 19:25:05,2023-03-06 19:25:05,delivered
393,431,DHL,8UNCQS6519EYINYC,2024-07-17 05:20:06,,in_transit
394,432,DHL,UDWYUSAZQY2YR6NB,2024-06-18 05:32:21,2024-06-20 05:32:21,returned
395,433,Amazon Logistics,QKKI9U0VQF6OYLCB,2023-08-06 14:14:12,2023-08-07 14:14:12,returned
396,434,FedEx,YBDTN0ABMKRY7IYG,2023-03-20 18:58:37,2023-03-21 18:58:37,delivered
397,435,USPS,W5NWVJQYX7X5PV0Q,2024-02-22 19:06:10,2024-02-25 19:06:10,delivered
398,436,FedEx,MNYW0YFKOE2HK724,2024-01-04 11:45:04,2024-01-07 11:45:04,delivered
399,437,Amazon Logistics,Q2WIPP101YQT061A,2024-08-26 03:34:30,,in_transit
400,438,Amazon Logistics,RD2KX2SWOSJVBC82,2024-04-05 02:49:26,2024-04-11 02:49:26,delivered
401,439,OnTrac,KBMJLUUPGNIFPVDE,2023-03-13 08:32:06,2023-03-16 08:32:06,delivered
402,440,FedEx,258JY6VY0V3CMUEX,2024-02-29 13:05:08,,out_for_delivery
403,441,UPS,XY4A15F4JM8R7A4K,2024-02-20 11:04:10,,in_transit
404,442,USPS,ZFC1K8J0KKAGIQDZ,2024-08-25 17:00:01,,in_transit
405,443,Amazon Logistics,CPQRT3MF3GQ7P7SW,2024-12-07 00:21:07,,in_transit
406,444,FedEx,LKS518IA77E799O6,2023-09-10 12:51:12,2023-09-18 12:51:12,delivered
407,445,DHL,PZL99UJ6SAFK9KKV,2023-09-18 15:47:43,2023-09-28 15:47:43,delivered
408,446,USPS,E59O2EE75C7QXMJB,2024-04-15 20:14:03,,out_for_delivery
409,447,UPS,DBZQ7IB48G5X1RTW,2023-04-04 13:52:14,,in_transit
410,448,FedEx,Q5P52DWHZR4UR1BO,2024-09-20 02:08:13,2024-09-25 02:08:13,delivered
411,450,OnTrac,M5LOIPZKSBWTSMCG,2024-03-17 09:41:03,2024-03-22 09:41:03,delivered
412,451,UPS,V6L8JVZSLT6949QB,2024-11-12 03:24:26,,out_for_delivery
413,452,USPS,CHY3T5Q21G07HPNP,2024-03-22 11:20:13,2024-03-26 11:20:13,delivered
414,453,Amazon Logistics,70TE8Z2GFQNBIA9R,2024-03-16 02:04:57,2024-03-24 02:04:57,delivered
415,454,UPS,PC0OXIHWM518ZRMP,2023-05-04 21:30:27,,out_for_delivery
416,455,DHL,RZBJHTZQCEQ0YET3,2024-12-18 12:35:17,2024-12-26 12:35:17,delivered
417,456,USPS,Z2B0FMKOV2Y9269X,2024-08-18 20:03:55,,out_for_delivery
418,458,USPS,O8T8MVW5OXIO25NA,2023-02-26 17:17:57,2023-02-28 17:17:57,delivered
419,459,Amazon Logistics,RIGG48FTLT7PA46I,2024-02-16 21:18:04,,out_for_delivery
420,460,Amazon Logistics,7UV48PBOWVHD7B4I,2023-11-10 19:52:11,,in_transit
421,461,UPS,I8R5NTIPWL51CTAE,2023-01-15 15:47:35,2023-01-17 15:47:35,delivered
422,462,OnTrac,K3LQEXRSQ97NPWQ6,2023-04-28 21:25:43,2023-05-06 21:25:43,delivered
423,463,USPS,8MMU9AM6IWEZCES5,2024-06-09 22:18:19,,out_for_delivery
424,464,FedEx,W7YE46F7761XS1CX,2024-08-21 00:29:41,,in_transit
425,465,Amazon Logistics,WGK6RZLCH2XRNWJH,2023-04-29 12:45:33,2023-05-09 12:45:33,delivered
426,466,OnTrac,8G0YI0DG95K0GH1I,2023-08-29 14:30:54,2023-09-03 14:30:54,delivered
427,468,UPS,JGZ36N3FRLUZK3VJ,2024-02-24 11:45:03,2024-03-05 11:45:03,delivered
428,469,OnTrac,LOD6D8E200I2ZRHV,2024-11-08 04:20:27,2024-11-11 04:20:27,delivered
429,470,Amazon Logistics,6POGI3EEAFDZHDID,2023-06-09 15:59:13,2023-06-12 15:59:13,delivered
430,472,UPS,BW8BTTCNO3FEUY5B,2023-01-24 04:50:33,2023-02-02 04:50:33,delivered
431,474,DHL,GOU3HPF15WR99ZZC,2024-11-04 19:58:59,,in_transit
432,475,USPS,4HTUW52RB3BIHF19,2023-02-08 05:25:15,2023-02-09 05:25:15,delivered
433,476,OnTrac,P8C6ROCZQ1FZXFCN,2023-06-11 17:15:47,,out_for_delivery
434,477,UPS,EAHRX0D9Y9B1YP4B,2023-05-18 00:02:26,,in_transit
435,478,FedEx,COQAVK658OV5E1HQ,2024-08-13 16:09:53,2024-08-17 16:09:53,delivered
436,479,DHL,0L32U5CXUHGK42O6,2024-08-08 07:05:46,2024-08-10 07:05:46,returned
437,480,USPS,5TSG5GQVAUGS664F,2023-06-15 08:47:16,2023-06-20 08:47:16,returned
438,481,UPS,0M9EWEUPAHL52IRU,2023-07-20 06:50:55,,in_transit
439,482,USPS,OUWFIAJIJNLP2S07,2023-01-09 15:15:14,2023-01-13 15:15:14,delivered
440,483,FedEx,I1EODL6URBJSAD0J,2024-10-28 00:49:46,2024-11-04 00:49:46,delivered
441,484,OnTrac,GELHNCONDNBHNDVO,2024-10-13 18:08:09,2024-10-21 18:08:09,delivered
442,485,USPS,MZJ86GO8N17789RD,2024-06-28 15:34:30,2024-07-04 15:34:30,delivered
443,486,UPS,K2JYKMUY2BIADVO9,2023-01-13 07:27:57,2023-01-17 07:27:57,returned
444,487,FedEx,88NV6YYX0102OTTX,2023-02-08 05:44:55,2023-02-11 05:44:55,delivered
445,488,FedEx,A2GBZUO7MTCOYJ61,2024-03-16 12:31:12,2024-03-24 12:31:12,delivered
446,489,UPS,3WUG0RQAP37LXMZK,2024-06-24 21:02:52,2024-06-29 21:02:52,delivered
447,490,DHL,K0PLED0Z4ZMPRGAA,2024-04-10 02:03:25,,out_for_delivery
448,491,OnTrac,HLU2ZLGLEOHIFK0V,2024-04-24 16:03:36,2024-05-02 16:03:36,delivered
449,492,Amazon Logistics,BQQ8DYWWMOC0BJ98,2023-05-14 22:08:29,2023-05-15 22:08:29,delivered
450,494,Amazon Logistics,KZ4GZW6IZ1256HHG,2023-01-26 06:52:12,2023-02-04 06:52:12,delivered
451,495,OnTrac,4XUTXBE5NW8R3MU5,2024-05-03 16:40:10,2024-05-09 16:40:10,delivered
452,496,FedEx,8YSVCZA0E9EKOJZC,2023-01-23 02:52:18,,out_for_delivery
453,497,OnTrac,1Q2G15R83Y7418GR,2024-11-22 08:48:50,2024-11-23 08:48:50,delivered
454,498,FedEx,8U40QCU5WMG7F10T,2023-02-09 02:48:45,,in_transit
455,499,USPS,OUVWXOATMZH93XMC,2023-03-20 18:17:00,2023-03-23 18:17:00,delivered
456,500,OnTrac,EDZ3G9R304ABISCW,2023-11-26 03:11:02,2023-12-05 03:11:02,returned
457,501,Amazon Logistics,17IB22ZU6SJJFZP0,2023-12-30 17:39:52,2024-01-06 17:39:52,returned
458,502,UPS,57GOCRK53OPPOYDV,2024-10-30 14:03:57,,in_transit
459,503,OnTrac,9JRM43GMEFG9O9IH,2024-01-05 21:49:18,2024-01-13 21:49:18,delivered
460,504,USPS,M8NPIWZB9131BNMP,2023-09-11 18:51:12,,out_for_delivery
461,505,Amazon Logistics,JOREMURWVAZM4H01,2024-01-08 02:38:53,2024-01-11 02:38:53,delivered
462,506,UPS,GRI9ETMO11IF24HY,2023-06-21 08:15:20,,in_transit
463,507,UPS,HB3Z30ZBTVFH7B0A,2024-05-29 00:33:49,2024-06-08 00:33:49,delivered
464,509,DHL,5HEW5STNW8EX6WAQ,2023-06-26 17:06:35,2023-06-30 17:06:35,delivered
465,510,OnTrac,SZW1YE8UNA9WK4MK,2024-07-05 19:56:34,2024-07-15 19:56:34,returned
466,511,UPS,NXTIWFKLZWQX9VSN,2023-09-13 17:19:10,2023-09-15 17:19:10,delivered
467,513,Amazon Logistics,SUWUHQ6Q6Y5YCNID,2024-05-07 19:06:04,2024-05-10 19:06:04,delivered
468,514,UPS,3PMNCYBLOP6XOYBX,2023-01-14 02:58:35,2023-01-24 02:58:35,delivered
469,515,UPS,PDKUYPFV0D0IML4N,2023-05-08 17:45:32,2023-05-16 17:45:32,delivered
470,516,DHL,M1IYKU9IVW7KHUL0,2024-01-09 10:19:16,2024-01-15 10:19:16,delivered
471,518,UPS,2XHQSHB0DX087NNY,2023-06-18 20:50:12,2023-06-25 20:50:12,delivered
472,519,FedEx,XQZ3G0KSJH9PO2UB,2023-12-10 15:38:26,2023-12-17 15:38:26,delivered
473,520,Amazon Logistics,SO8AP90OK11UUYXS,2024-12-20 14:28:35,2024-12-29 14:28:35,delivered
474,521,DHL,D922WAHDO61XN8DK,2023-09-24 20:23:01,,out_for_delivery
475,522,FedEx,P84JRH8IPTC16ZE7,2023-12-22 10:20:48,,out_for_delivery
476,523,DHL,P7DGT60PV7TIQIJB,2023-07-26 04:07:40,2023-08-02 04:07:40,delivered
477,524,UPS,HBFLFB4X3OOVXJI1,2024-05-15 21:12:13,2024-05-25 21:12:13,delivered
478,525,FedEx,TVGE3YN3SCSBLLWN,2023-06-28 09:55:04,2023-07-03 09:55:04,returned
479,526,OnTrac,HOPQ0UX5PGEM9IUY,2024-03-05 13:24:25,,in_transit
480,527,OnTrac,TOS7CUWB3ESHHETZ,2023-08-29 11:27:41,2023-09-04 11:27:41,delivered
481,528,DHL,DIL01AV2R2A95C43,2023-05-25 20:08:29,2023-05-26 20:08:29,delivered
482,529,OnTrac,6UN63VV1E6W0BMED,2024-10-14 10:58:25,,in_transit
483,530,USPS,TCPXCAAL8VHF48UZ,2024-07-24 15:47:47,,out_for_delivery
484,531,FedEx,R6DPFVHF1KM8B543,2024-10-29 22:11:10,,in_transit
485,532,UPS,73RY7QNUNZJAOC78,2023-10-09 16:24:02,,in_transit
486,533,OnTrac,ZX79V37PRDDTBXT6,2023-05-07 07:18:38,2023-05-10 07:18:38,delivered
487,535,USPS,5WVHCLV01U6C2H23,2024-04-19 12:59:22,2024-04-23 12:59:22,delivered
488,536,FedEx,XSV4DAUND14BKBFC,2023-02-10 23:47:20,2023-02-19 23:47:20,returned
489,538,FedEx,AE21761J0345ZYRD,2023-12-31 12:13:46,2024-01-07 12:13:46,delivered
490,539,DHL,PLK5BOV3036B3YQM,2023-03-01 03:41:13,2023-03-06 03:41:13,delivered
491,540,OnTrac,UBJVJKXXKM79PPLG,2024-12-18 22:56:21,,out_for_delivery
492,541,USPS,OODVMBO4KF9OQKZ6,2024-08-11 13:22:51,2024-08-19 13:22:51,delivered
493,542,DHL,88NVQNEOEZOAGVE3,2024-09-30 19:24:58,2024-10-03 19:24:58,delivered
494,543,UPS,XENFRRYBCN78HZFF,2024-09-05 17:56:02,2024-09-13 17:56:02,delivered
495,544,USPS,F3OBS0SWV5QD8C1A,2024-04-05 08:48:03,2024-04-11 08:48:03,delivered
496,545,UPS,HDZSNOL8WKFF0ZAD,2023-06-26 18:37:55,2023-07-02 18:37:55,returned
497,546,OnTrac,6ID36XC53T2SJ64Y,2024-11-26 07:59:15,2024-12-01 07:59:15,delivered
498,547,OnTrac,VTYK1DE7FDR756SS,2023-12-14 09:13:39,2023-12-22 09:13:39,delivered
499,548,USPS,82UFL9MQ11PHLSQK,2023-01-09 08:44:57,,in_transit
500,549,Amazon Logistics,HZS8F093FL0ELLCQ,2023-03-22 16:49:48,,out_for_delivery
501,550,Amazon Logistics,ABIMI0G8F9PRNNBE,2024-05-28 23:08:52,2024-06-06 23:08:52,delivered
502,551,OnTrac,KZ3Q0EWLC4H6TVD1,2024-08-03 00:52:42,,in_transit
503,552,Amazon Logistics,EXB4Z7J8HWE2C7MV,2024-11-15 16:37:05,2024-11-22 16:37:05,returned
504,553,DHL,MQJHC24DE4I3527F,2023-02-04 19:45:59,2023-02-09 19:45:59,delivered
505,554,DHL,D102KKVR0TMTOCTS,2024-05-04 22:13:55,2024-05-05 22:13:55,delivered
506,555,UPS,893ENVRJQ9HE6VB7,2024-08-15 02:42:37,2024-08-16 02:42:37,delivered
507,556,DHL,FG5LU7PKHEL706HO,2024-07-22 08:58:55,,in_transit
508,557,UPS,Q4JQHN49MAYQ8F4T,2024-11-08 06:04:08,,out_for_delivery
509,558,UPS,2XEU74S5TR21EJ2V,2023-11-24 12:34:31,2023-11-27 12:34:31,delivered
510,559,USPS,ZMV4UXBOXO5T9DHX,2024-10-16 06:04:33,,out_for_delivery
511,560,DHL,9S0U9D8X92MFJE50,2024-05-13 07:24:45,,in_transit
512,561,USPS,1AU0INWTCOMMN9TW,2023-10-05 00:38:54,2023-10-13 00:38:54,delivered
513,562,UPS,GWR17H4GYMRRQSRN,2023-07-10 13:04:48,,in_transit
514,563,UPS,PH1DJVVH3T8X2G24,2024-06-03 00:12:51,2024-06-12 00:12:51,delivered
515,564,FedEx,YRONADCVMSAK0OJW,2024-04-17 04:36:02,,in_transit
516,566,FedEx,VD5SO2N333ZA49XU,2024-04-14 07:47:54,2024-04-24 07:47:54,delivered
517,567,UPS,IXAQ7NXNGBYE21QP,2023-03-17 17:19:01,2023-03-25 17:19:01,delivered
518,568,DHL,N2UPFJN9D4XNYWF5,2024-03-27 14:15:32,,in_transit
519,569,OnTrac,EMYD8YH304A8PMSY,2024-07-11 21:52:38,,in_transit
520,570,USPS,B1MVHMN8533KHZH4,2024-10-26 22:46:30,2024-10-28 22:46:30,delivered
521,571,Amazon Logistics,BNFORP25V320SXNW,2024-09-25 14:24:48,,out_for_delivery
522,572,OnTrac,90M43I465XZEANPG,2023-06-19 19:16:07,,in_transit
523,573,USPS,0Y0WLIWLAP3K5B8S,2023-03-18 17:50:37,2023-03-27 17:50:37,delivered
524,574,FedEx,H0NOGZEON9SZJ2RQ,2024-07-21 06:36:51,2024-07-30 06:36:51,delivered
525,575,USPS,MZNG9JBD25OS5QUH,2024-09-29 15:29:35,,in_transit
526,576,Amazon Logistics,KPY98OPBH4ER3URE,2023-08-06 20:48:11,2023-08-14 20:48:11,delivered
527,577,DHL,Z1K3BDGRB2D5LO9J,2023-12-23 21:33:08,,in_transit
528,578,USPS,UQS95ADJ6QXJ8THM,2023-06-15 15:08:42,,in_transit
529,579,DHL,B1BOTM1CD4ZYEFG5,2024-08-09 02:53:12,2024-08-16 02:53:12,delivered
530,580,OnTrac,UERJVV88D0H6R7QM,2024-10-27 09:02:44,2024-10-31 09:02:44,delivered
531,581,USPS,U1W14N53JR8S1YKT,2024-07-28 15:58:38,,out_for_delivery
532,582,DHL,IS1QP5XYAKJEGCAE,2024-10-06 15:46:22,2024-10-07 15:46:22,delivered
533,583,USPS,222J0CRS0SJJJBUU,2023-09-02 01:19:57,,in_transit
534,584,UPS,HGWQ5P43FW2ENH6B,2023-06-08 00:19:57,2023-06-09 00:19:57,delivered
535,585,FedEx,HAV66M8M89BVV2J2,2023-09-22 18:09:30,,out_for_delivery
536,586,DHL,HFE5WMD9LAEC8FB9,2023-05-12 21:52:22,2023-05-20 21:52:22,delivered
537,587,Amazon Logistics,K52BI86MTZHSP3V5,2024-03-28 22:24:40,2024-03-29 22:24:40,delivered
538,588,FedEx,3LYI3NDFFY15PJEM,2024-02-24 01:47:18,2024-02-29 01:47:18,delivered
539,589,USPS,5NQPTS0MMBBSU04W,2023-03-16 12:25:30,2023-03-19 12:25:30,delivered
540,590,UPS,NYM31SK0540SEJOK,2023-04-26 05:15:53,,out_for_delivery
541,592,DHL,A7O7MMZ1H4SCC1EF,2024-04-23 10:58:41,,in_transit
542,593,DHL,Q4W7JUGKZESFKV3R,2023-06-26 15:02:20,2023-07-01 15:02:20,delivered
543,594,USPS,RZ56VK3U0QJZ6PEY,2024-03-01 15:13:19,2024-03-02 15:13:19,delivered
544,595,DHL,ELVMBGQQW2NEF1FF,2024-01-23 02:00:58,2024-01-31 02:00:58,delivered
545,596,Amazon Logistics,HCKNEWJR73CKNU2M,2024-11-13 17:42:59,2024-11-19 17:42:59,delivered
546,597,USPS,728PU8HN8XZ4OSU2,2023-01-12 15:29:41,2023-01-18 15:29:41,delivered
547,598,UPS,90DS1BHRNLQLFWUU,2024-10-12 20:09:38,2024-10-17 20:09:38,delivered
548,599,Amazon Logistics,52W85YPS859TXADN,2023-05-28 12:22:23,,out_for_delivery
549,601,OnTrac,DNHBOBVGYIHUIVGA,2024-07-03 22:41:56,,in_transit
550,602,USPS,UQGX8UWTK7S1OQO0,2023-12-03 00:17:19,2023-12-12 00:17:19,delivered
551,603,UPS,TKZGG1PRF3L4JXGY,2024-02-25 17:12:37,2024-02-26 17:12:37,delivered
552,604,Amazon Logistics,OP2LDYR3KVGNQD7J,2024-11-01 22:31:51,,out_for_delivery
553,605,DHL,WMDL3OXHK7W2VATU,2024-03-26 16:34:05,2024-04-05 16:34:05,delivered
554,606,Amazon Logistics,NP9S8E9GF2FXX9XJ,2023-09-03 11:46:47,2023-09-13 11:46:47,delivered
555,607,UPS,GBQIZ1BNZHO7Z98R,2024-07-14 08:22:20,,in_transit
556,608,FedEx,72LN26YQO3693QNY,2023-07-29 01:00:39,,in_transit
557,609,UPS,C06WRPX7J86FBOJP,2024-04-27 15:22:43,2024-05-03 15:22:43,delivered
558,610,FedEx,GCF9SPQDNBLWD8M7,2023-05-16 02:01:52,2023-05-21 02:01:52,delivered
559,611,UPS,NDI5TBDJGGGU5RPZ,2024-05-22 02:03:09,2024-05-29 02:03:09,delivered
560,612,FedEx,YYBKHTAB92WC3BNE,2024-11-05 20:48:36,,out_for_delivery
561,613,UPS,Q427U1NVMEAGWP82,2023-02-22 19:22:55,2023-02-28 19:22:55,returned
562,615,USPS,B7AR00NHPA169DTQ,2023-12-03 15:15:13,,in_transit
563,616,DHL,D9I4BIVPIDOOOBHO,2023-06-18 03:41:45,,out_for_delivery
564,617,USPS,SPFQLFQEBIWRCQLA,2024-06-27 12:51:40,,out_for_delivery
565,618,UPS,BUL818CS4QYHGI2G,2024-03-21 14:54:40,,out_for_delivery
566,619,UPS,A5JKULC5L36UG4ZI,2024-08-19 04:52:19,,in_transit
567,620,USPS,OJ02WY0UFBC16LKS,2024-04-20 11:39:50,2024-04-23 11:39:50,delivered
568,621,USPS,VGONI9HILZNKQ5A3,2024-08-24 15:58:49,2024-08-25 15:58:49,returned
569,622,OnTrac,1JQQXF2A8JC3MZWT,2023-11-18 08:08:24,,out_for_delivery
570,623,Amazon Logistics,7WUQQ4TNDNQBVR08,2024-04-13 05:14:50,,in_transit
571,624,DHL,BZ9YZ6V1VTIXRH6K,2023-01-24 21:41:16,,in_transit
572,625,DHL,V30BMZW7539MH4QX,2023-09-15 17:00:57,2023-09-24 17:00:57,delivered
573,627,DHL,UO5Q5LF7GDXFAE7W,2023-10-26 03:46:26,,in_transit
574,628,FedEx,US50AV7H4VCKU3CQ,2023-05-23 03:10:24,2023-05-25 03:10:24,delivered
575,629,UPS,ROGA72YSQRRBJVEN,2024-07-04 08:20:13,2024-07-07 08:20:13,delivered
576,630,UPS,UPX06LBRHLVO2Y93,2023-03-12 11:24:48,2023-03-14 11:24:48,delivered
577,631,FedEx,56EHO40U0QKTYGBR,2023-06-26 00:52:46,2023-07-02 00:52:46,delivered
578,632,Amazon Logistics,050ORNEEE0JQ9RVN,2023-12-20 20:48:38,,out_for_delivery
579,633,UPS,XLTNVV1GFBCHZ6PU,2024-11-15 23:21:48,,in_transit
580,634,OnTrac,EDPVGNYHC1RHLOE2,2023-03-19 04:04:07,2023-03-27 04:04:07,delivered
581,635,USPS,ILLPGEY18JSEUO4V,2023-09-14 21:06:20,2023-09-20 21:06:20,delivered
582,636,OnTrac,QUFEUCXSM72UJZ4N,2024-03-15 13:52:45,2024-03-17 13:52:45,delivered
583,637,FedEx,L8YRR4CKCEKKLMSZ,2023-05-27 09:33:39,,in_transit
584,638,UPS,M4F8FWS0GV4QMP5J,2024-02-22 17:06:43,2024-03-01 17:06:43,delivered
585,639,FedEx,T6293TLO1I7XJ2CZ,2024-11-08 09:04:05,,out_for_delivery
586,640,Amazon Logistics,42VJGKVE8DSCTXO6,2024-03-23 19:51:22,2024-03-26 19:51:22,delivered
587,641,DHL,815VN8LT25CDZBGQ,2024-01-30 01:17:34,2024-02-03 01:17:34,delivered
588,642,DHL,54K7YNK76K9AGEIZ,2024-04-28 04:27:37,2024-04-30 04:27:37,delivered
589,643,OnTrac,XUA4DQXIN67273JY,2024-12-28 06:16:09,2024-12-31 06:16:09,delivered
590,644,UPS,P2IU4CP9MOMCW00A,2024-04-03 08:22:45,,in_transit
591,645,OnTrac,KDMCS6MJ3T8MEHHO,2023-06-01 00:45:27,,in_transit
592,646,OnTrac,S9V7LP1LEXDNRGCL,2024-12-22 06:28:45,,in_transit
593,647,DHL,G35XDKU6JEDAD38Y,2023-04-03 09:30:38,,in_transit
594,648,Amazon Logistics,E4OF633BQ6FWSKLW,2023-07-12 05:54:50,2023-07-22 05:54:50,delivered
595,649,Amazon Logistics,NKCTQ7VIN5LVDO8Y,2023-05-30 06:54:55,,out_for_delivery
596,651,UPS,98GFEX6DCLEDO515,2024-10-20 11:39:20,,in_transit
597,652,UPS,GJZAE557O7RCI2AF,2024-03-15 07:01:08,,in_transit
598,653,DHL,IP23RB1W0XWXVTX6,2024-05-16 14:05:21,2024-05-19 14:05:21,delivered
599,654,FedEx,K8Z6R5CQM24BIHB2,2023-12-17 21:32:46,,out_for_delivery
600,655,DHL,ZR7KQ9MGM5P39VHG,2023-11-10 23:32:38,2023-11-20 23:32:38,delivered
601,656,DHL,TZHX2G7U6X8W1QXS,2023-01-20 12:18:02,2023-01-30 12:18:02,delivered
602,657,USPS,JXI6QXCWNI30YVYX,2024-01-12 00:21:42,,in_transit
603,658,DHL,ZZM399ARAU76UXV2,2024-09-03 18:48:43,,out_for_delivery
604,659,USPS,QSZO1I736MV3T0KG,2024-10-08 15:45:26,2024-10-14 15:45:26,delivered
605,660,DHL,MH4GBLCKUHYD07DV,2024-11-25 21:48:36,,in_transit
606,661,UPS,DI47I10A40JRR7FI,2024-07-30 04:45:01,2024-08-05 04:45:01,delivered
607,662,Amazon Logistics,42Q8BZ53GWTFCC2S,2023-08-27 07:19:16,2023-09-04 07:19:16,delivered
608,663,FedEx,8LPY058E6PLUI46H,2023-02-11 17:27:50,,out_for_delivery
609,664,FedEx,I969SFI30M85YAI7,2024-02-13 23:46:40,,in_transit
610,665,OnTrac,ZK8ZY7ESKZADBS9C,2024-12-08 07:58:19,2024-12-12 07:58:19,delivered
611,666,USPS,Q2G1KVR6AX8KXXJ0,2024-11-27 02:43:22,2024-12-06 02:43:22,delivered
612,667,DHL,DOCBA4AAKHIN8QKB,2024-07-10 14:34:09,2024-07-13 14:34:09,delivered
613,668,Amazon Logistics,YEI8P4YEDN2Z2V17,2024-05-13 10:18:55,,in_transit
614,671,USPS,RRPNCSQC2VD8IQWF,2023-11-02 20:33:24,,out_for_delivery
615,672,Amazon Logistics,BNVL0OS3X23IETYR,2023-02-07 18:19:37,2023-02-11 18:19:37,delivered
616,674,USPS,0BW2MRLLGU1TLXZB,2024-11-16 11:48:06,,out_for_delivery
617,675,UPS,GIGCUJ7ILPQFBQW1,2024-06-22 03:46:31,2024-07-02 03:46:31,delivered
618,676,OnTrac,GYMYMMHLK1B17ZYQ,2023-08-07 23:54:41,,out_for_delivery
619,677,FedEx,X6E9D70QFX7A1L1C,2023-07-17 20:11:36,,in_transit
620,678,DHL,OYNRY6K7AYLPRSJJ,2024-06-25 14:24:47,,out_for_delivery
621,679,OnTrac,1K8RZUOC29SQAIL1,2023-02-25 18:40:09,,in_transit
622,680,USPS,I1QE4X1UWR6V3CH1,2024-12-03 18:32:47,,out_for_delivery
623,681,FedEx,92PV07UJ4FQKSD7G,2024-02-23 01:16:53,2024-03-03 01:16:53,delivered
624,682,DHL,1KEDJMNNSEQV6RAJ,2023-08-13 05:10:59,,in_transit
625,683,USPS,0F53QB38YHEDXFE3,2023-07-25 02:41:53,2023-07-29 02:41:53,delivered
626,685,OnTrac,E46XAAD0XH2MECYJ,2024-03-06 21:17:21,,in_transit
627,686,OnTrac,X80NHJE1E3DYYWZL,2024-02-10 12:25:28,2024-02-18 12:25:28,returned
628,687,Amazon Logistics,2DJ3LP15TFTZWCD4,2023-03-27 22:19:04,2023-04-03 22:19:04,delivered
629,688,DHL,GGHTV3SY80W5GSM7,2023-05-26 06:55:31,2023-05-27 06:55:31,delivered
630,689,DHL,BRXDY633M236MKZR,2023-12-07 14:40:17,,in_transit
631,690,OnTrac,K6UJVBP3BAU57OTE,2023-12-12 07:55:16,,in_transit
632,691,UPS,32RV23U65XNUFA4A,2024-08-21 14:00:17,2024-08-27 14:00:17,returned
633,692,UPS,J90VB1C4W9I40QPF,2023-02-05 23:42:22,,in_transit
634,693,USPS,ZKEOCEC3091KYV7J,2024-10-31 14:00:33,2024-11-02 14:00:33,returned
635,694,DHL,UMYID4VJOJ7LZ6ZM,2023-12-26 20:57:52,2024-01-03 20:57:52,delivered
636,695,UPS,QGDZK0XF0TEFY6FV,2023-10-23 04:21:13,2023-10-26 04:21:13,delivered
637,696,FedEx,RDO3Z1JB0OXDFNS8,2023-02-22 10:30:37,2023-02-25 10:30:37,delivered
638,697,DHL,7Z2TVB1KWVG8SZE2,2024-05-28 02:14:12,,in_transit
639,698,UPS,2GWLJ6IW5G2ZSHP0,2023-02-26 21:23:26,,out_for_delivery
640,699,USPS,EANR1CGWJ9S8U287,2023-05-06 03:05:03,2023-05-12 03:05:03,delivered
641,700,DHL,C6REAGUUCQB39BW4,2023-03-29 12:00:32,,out_for_delivery
642,701,OnTrac,DERG870SB9FYY9V3,2024-02-22 23:35:05,2024-02-26 23:35:05,delivered
643,702,OnTrac,FTAVQGUWDF1S49MI,2023-10-15 16:14:14,2023-10-24 16:14:14,delivered
644,703,Amazon Logistics,OBICLW2WZ8EM2BGA,2023-01-07 14:00:50,2023-01-17 14:00:50,delivered
645,704,OnTrac,255KCMG2K87BSTRM,2024-08-20 01:31:17,,in_transit
646,705,UPS,LYM9VUDMK3P6OWYE,2024-03-16 18:59:16,,in_transit
647,706,DHL,8D6KYB27XJX6YY6F,2024-12-31 22:52:41,,in_transit
648,707,OnTrac,JGK546D27Z5Q8P6U,2024-06-19 12:41:47,,in_transit
649,708,FedEx,S4768TQW8DO3PX9K,2024-06-17 09:49:39,2024-06-27 09:49:39,delivered
650,709,USPS,IUT6HRCFU5D0MYSF,2024-05-12 12:54:10,2024-05-22 12:54:10,delivered
651,711,UPS,9PAPKRVOCSQOU966,2023-08-12 19:31:24,,in_transit
652,713,Amazon Logistics,Y8F881EN699FIA2Q,2023-12-02 08:09:11,,in_transit
653,714,UPS,EIZG1NAT0A573HXB,2023-12-26 05:45:18,2024-01-05 05:45:18,delivered
654,715,DHL,6J393OXESP7J6V45,2023-04-08 02:37:13,,in_transit
655,716,USPS,2PAJN32IQ920C5RL,2023-11-12 04:31:04,2023-11-20 04:31:04,delivered
656,717,USPS,UC036I6QGCMRRKAL,2024-07-24 16:29:08,2024-07-31 16:29:08,delivered
657,718,OnTrac,EF10LJRNICD0SQPZ,2023-10-13 09:15:16,2023-10-20 09:15:16,delivered
658,719,OnTrac,CFHH54S47EUAQ3H8,2024-07-16 19:25:58,,in_transit
659,720,Amazon Logistics,Z8J2P7RN3J0QZOKP,2024-07-07 11:38:16,2024-07-12 11:38:16,delivered
660,721,DHL,DDY0NXR2YQ373ZN5,2024-12-01 07:49:16,2024-12-11 07:49:16,delivered
661,722,Amazon Logistics,UES0MXVL57CNKWST,2024-05-18 05:01:51,2024-05-19 05:01:51,delivered
662,723,USPS,QKJFPYTYOVVT2IS2,2024-01-04 05:46:05,2024-01-07 05:46:05,delivered
663,724,FedEx,NRK4PVI2DIGTGU6I,2024-12-03 16:23:02,,in_transit
664,725,Amazon Logistics,72SYOJTMRNZMUDCG,2023-06-04 21:16:01,2023-06-06 21:16:01,delivered
665,726,Amazon Logistics,7MZSL785HSZDIMOP,2024-12-31 21:13:11,,in_transit
666,727,Amazon Logistics,XH4ZUZ0PJQTF8NBE,2023-01-22 12:19:26,,in_transit
667,728,DHL,E47LQZGH2YTESNE8,2024-06-02 01:39:38,2024-06-09 01:39:38,delivered
668,729,OnTrac,R0V9D5E93RC1Y9LZ,2024-03-23 16:03:56,,out_for_delivery
669,730,DHL,G8QDE12WUW60N330,2023-11-17 10:59:46,2023-11-18 10:59:46,delivered
670,732,FedEx,FDMOWIHYBFGEEIT8,2024-07-26 03:18:50,,in_transit
671,733,OnTrac,XL7VSKY6C5TG8BKA,2024-09-04 06:02:23,2024-09-05 06:02:23,delivered
672,735,UPS,7S4X5VQFJK2D6ARY,2024-10-25 05:37:59,2024-10-29 05:37:59,delivered
673,736,FedEx,ZI71RWHPMPCEM8ML,2024-08-01 13:24:58,2024-08-07 13:24:58,delivered
674,737,OnTrac,7GOPMYU2U5VGZ38M,2024-10-16 23:23:00,2024-10-24 23:23:00,delivered
675,738,Amazon Logistics,53IIBFW09XLGKQGZ,2024-12-03 13:23:03,,in_transit
676,739,OnTrac,VVBQEVFPVU2LYDKG,2024-06-30 12:06:52,2024-07-03 12:06:52,delivered
677,740,USPS,PY9B7OXYVBZ4GJHJ,2024-09-15 04:37:32,,in_transit
678,741,UPS,0U2VJF17ACWF6PZI,2023-11-20 11:37:32,2023-11-23 11:37:32,delivered
679,742,DHL,S4S5QTYDVHTNBBBC,2024-03-15 06:10:37,,in_transit
680,743,OnTrac,M0P875KNORTLQBK2,2024-06-20 21:51:20,,in_transit
681,745,USPS,GKNX8Y4T71M00LQR,2024-08-10 22:46:31,2024-08-14 22:46:31,delivered
682,746,OnTrac,N24RUNZU6O2A2X17,2023-10-22 15:57:53,2023-10-31 15:57:53,delivered
683,747,OnTrac,0FUOJJFAF8EDJM7W,2024-12-25 02:01:12,2025-01-02 02:01:12,delivered
684,748,FedEx,XIOBCFPHG4BC2FVF,2024-11-26 09:08:42,2024-12-04 09:08:42,delivered
685,750,DHL,WF6YVFWBZY7LOEJQ,2023-02-24 12:12:09,2023-03-02 12:12:09,delivered
686,751,Amazon Logistics,V7Q7XX1OYA8PFKPO,2024-12-15 01:43:11,2024-12-19 01:43:11,delivered
687,752,Amazon Logistics,PYA8WHOFYM0TMG2P,2023-08-18 01:47:20,,in_transit
688,753,DHL,NU4H6FQ3RWK3OTZZ,2024-04-16 05:14:25,2024-04-19 05:14:25,returned
689,756,Amazon Logistics,QGYIW59ODM7K0NT9,2023-08-06 16:09:39,2023-08-11 16:09:39,returned
690,758,OnTrac,ST10Z87WG8V961Y2,2024-07-01 02:32:38,2024-07-04 02:32:38,delivered
691,759,UPS,SPZPDYJ49IX5TTEU,2023-09-22 03:47:18,2023-09-24 03:47:18,delivered
692,760,FedEx,QV2X2H8V2WV3DYF7,2023-09-18 14:03:26,,in_transit
693,761,FedEx,ND1GAFUNH7I3WYYK,2024-07-24 14:42:20,,in_transit
694,763,Amazon Logistics,GBIT6RBEWV68D1RL,2023-01-29 22:46:28,,in_transit
695,764,Amazon Logistics,ZYXW1CQ5453GKLI9,2023-09-18 16:41:17,2023-09-19 16:41:17,delivered
696,765,FedEx,NCKRPEQW6YQEF864,2024-07-06 08:39:52,2024-07-08 08:39:52,delivered
697,766,OnTrac,I9ZA57HWUE4GNYA5,2024-03-05 01:09:32,2024-03-15 01:09:32,delivered
698,768,USPS,GZTE0MZNMXBFHDQM,2024-11-01 03:08:06,,in_transit
699,769,Amazon Logistics,80GNYD1OSEP720OE,2024-09-22 17:34:12,2024-10-01 17:34:12,delivered
700,770,USPS,LLS51PIAGWKR37H4,2023-02-27 19:11:21,2023-03-02 19:11:21,delivered
701,771,Amazon Logistics,2CS2CMQ2AJLTORC2,2024-03-20 05:09:10,,out_for_delivery
702,772,UPS,QR0U09XOX3MSLZAR,2023-01-10 11:48:01,,out_for_delivery
703,773,DHL,GX9I0TUEY6EMDF3J,2023-05-05 08:35:43,,in_transit
704,774,DHL,TCWBBKOCYW34RCDB,2024-09-03 14:33:20,,out_for_delivery
705,775,Amazon Logistics,M3PPSOHXF823QXAW,2024-07-02 22:15:47,2024-07-11 22:15:47,delivered
706,776,UPS,TXECE98J6ZRZQOC4,2023-03-13 05:29:03,,in_transit
707,777,USPS,0DBFDPL7R81B5XTJ,2023-12-05 07:08:02,,out_for_delivery
708,778,Amazon Logistics,Q5PXLGFWMVYTSU2M,2023-02-09 20:02:31,,out_for_delivery
709,779,OnTrac,GQGV8H0Z6WF6B3IS,2024-05-03 19:15:55,,in_transit
710,780,Amazon Logistics,Z2LNTJYIUL12MZVT,2024-07-07 02:30:22,2024-07-11 02:30:22,returned
711,781,FedEx,O2FI953467WCDPI2,2023-08-15 17:53:33,,out_for_delivery
712,782,USPS,YENYJYM9OO2TP5HQ,2023-05-26 15:18:17,,in_transit
713,783,USPS,N2E6XLJKFCQJUKUR,2023-06-05 13:46:38,2023-06-10 13:46:38,delivered
714,784,OnTrac,WTK41NS6CWE6JRV6,2024-06-30 22:24:39,,in_transit
715,785,DHL,GVSPJ0LXWTR1UEIA,2024-10-24 03:21:16,2024-10-29 03:21:16,delivered
716,786,UPS,3J9X2HK5GYIMQ5GL,2023-11-05 13:08:39,,in_transit
717,787,OnTrac,ASFOK80TY97L09W7,2024-01-29 12:43:24,,in_transit
718,788,Amazon Logistics,P0VEA3VO06V5F4C6,2023-07-17 22:02:35,,in_transit
719,789,DHL,MP4JDUD6LE9CB61G,2023-01-06 10:10:25,,out_for_delivery
720,790,DHL,7WO948WEGT5JZTFB,2024-08-09 21:07:01,2024-08-18 21:07:01,delivered
721,791,OnTrac,W31Q5F7XKKJJAR4G,2024-01-22 15:23:34,2024-01-29 15:23:34,delivered
722,792,Amazon Logistics,ZMNS7LV5J9XZH1R1,2023-03-07 02:24:21,,in_transit
723,793,Amazon Logistics,BLRQ3X4HPALWBVV0,2024-08-02 02:10:26,,in_transit
724,794,Amazon Logistics,AK4U9M305T1WW8PA,2024-06-26 05:04:45,,out_for_delivery
725,795,Amazon Logistics,MY6O6LCGCSEFELX6,2023-07-26 20:11:09,,in_transit
726,796,DHL,4MKS9VIOIFJI118L,2023-10-06 03:42:04,,in_transit
727,797,DHL,1L6R4U0000LG7703,2024-01-27 02:59:19,2024-02-02 02:59:19,delivered
728,798,Amazon Logistics,4BX2144VWGJY4P5H,2024-03-03 00:37:42,2024-03-13 00:37:42,returned
729,799,UPS,J58UBCISJPCJDUCE,2024-04-04 02:44:39,2024-04-12 02:44:39,delivered
